"Tract","pct_uninsured"
"06037101110",10.8468
"06037101122",6
"06037101210",10.3841
"06037101220",9.2923
"06037101300",5.5223
"06037101400",2.6316
"06037102103",4.7079
"06037102104",4.703
"06037102105",6.5617
"06037102107",1.6769
"06037103101",3.0066
"06037103102",8.4495
"06037103200",4.9462
"06037103300",2.539
"06037103400",4.6468
"06037104103",5.1106
"06037104105",8.4407
"06037104108",7.5654
"06037104124",7.919
"06037104201",12.8037
"06037104203",17.0373
"06037104204",10.3062
"06037104310",14.5506
"06037104320",11.9048
"06037104401",14.526
"06037104403",15.4145
"06037104404",14.5266
"06037104500",12.8968
"06037104610",14.117
"06037104620",11.4512
"06037104701",8.8823
"06037104703",14.8114
"06037104704",9.6043
"06037104810",16.2671
"06037104821",16.8685
"06037104822",16.1677
"06037106010",6.6279
"06037106020",14.6125
"06037106111",6.7048
"06037106112",4.1964
"06037106113",9.9444
"06037106114",9.0291
"06037106403",9.5446
"06037106405",8.7222
"06037106406",7.0299
"06037106407",11.2551
"06037106408",14.5003
"06037106510",7.6541
"06037106520",16.25
"06037106603",3.1949
"06037106604",9.4504
"06037106641",5.8179
"06037106642",4.4008
"06037106643",1.3546
"06037106645",5.8904
"06037106646",4.2643
"06037106648",9.4369
"06037106649",7.2153
"06037107010",8.3627
"06037107020",7.0717
"06037108101",3.7817
"06037108102",2.2009
"06037108103",0.9035
"06037108104",3.5204
"06037108201",4.4872
"06037108202",3.2189
"06037109100",3.9051
"06037109200",2.9866
"06037109300",6.6667
"06037109400",6.2372
"06037109500",5.1738
"06037109601",10.2528
"06037109603",11.7524
"06037109604",7.9186
"06037109700",8.79
"06037109800",10.0525
"06037111100",6.6373
"06037111201",12.2579
"06037111202",4.4699
"06037111204",2.6169
"06037111205",4.2388
"06037111206",5.38
"06037111301",8.5089
"06037111302",5.7501
"06037111400",9.5299
"06037113101",6.3492
"06037113102",1.1303
"06037113211",0.861
"06037113212",5.1153
"06037113213",3.2851
"06037113231",5.2106
"06037113232",5.3958
"06037113233",11.4091
"06037113234",5.536
"06037113235",4.6601
"06037113237",5.484
"06037113301",5.0072
"06037113303",2.136
"06037113321",5.1282
"06037113322",3.5235
"06037113401",9.0002
"06037113421",16.4123
"06037113422",5.249
"06037115101",10.8204
"06037115103",6.7731
"06037115104",6.6484
"06037115201",4.8569
"06037115202",8.7707
"06037115301",4.929
"06037115302",15.1125
"06037115401",10.419
"06037115403",16.4666
"06037115404",11.1111
"06037117101",9.4755
"06037117102",11.4536
"06037117201",12.1422
"06037117202",8.2118
"06037117301",5.2118
"06037117302",5.9736
"06037117303",3.5008
"06037117404",8.1936
"06037117405",17.1237
"06037117407",19.9948
"06037117408",18.4185
"06037117510",16.409
"06037117520",17.0649
"06037117530",11.8956
"06037119001",15.8691
"06037119002",11.2086
"06037119201",12.9096
"06037119202",9.897
"06037119310",11.359
"06037119320",13.2491
"06037119340",19.6764
"06037119341",15.3633
"06037119342",11.989
"06037119400",21.0584
"06037119700",8.4877
"06037119800",14.4228
"06037119900",11.831
"06037120010",13.7574
"06037120020",20.0155
"06037120030",26.5191
"06037120103",18.6848
"06037120104",11.3309
"06037120105",12.1116
"06037120106",18.2441
"06037120107",19.5736
"06037120108",16.3779
"06037120300",13.0202
"06037120400",7.7885
"06037121010",15.7073
"06037121020",9.446
"06037121101",15.8281
"06037121102",10.9489
"06037121210",15.6216
"06037121221",12.1488
"06037121222",20.0817
"06037121600",8.8538
"06037121801",17.3009
"06037121802",9.3284
"06037121900",13.6921
"06037122000",12.0163
"06037122120",17.0226
"06037122121",13.3263
"06037122122",12.1334
"06037122200",8.6769
"06037122410",11.52
"06037122420",11.6811
"06037123010",18.4256
"06037123020",13.3231
"06037123103",10.4254
"06037123104",6.2974
"06037123203",13.4705
"06037123204",13.1991
"06037123205",15.9711
"06037123206",12.0918
"06037123301",6.0486
"06037123303",12.7632
"06037123304",12.586
"06037123410",10.7239
"06037123420",11.8194
"06037123510",13.0713
"06037123520",10.831
"06037123601",9.5693
"06037123602",7.625
"06037123700",6.6742
"06037123800",6.3975
"06037123901",19.1652
"06037123902",7.9835
"06037124000",1.3796
"06037124102",12.5107
"06037124103",8.0513
"06037124104",17.8973
"06037124105",19.4247
"06037124201",6.3919
"06037124203",10.6124
"06037124204",13.5949
"06037124300",6.6984
"06037124400",8.7889
"06037124500",5.8803
"06037124600",8.1011
"06037124700",6.663
"06037124902",8.0549
"06037124903",12.0507
"06037125100",7.3659
"06037125200",8.4464
"06037125310",8.6824
"06037125320",9.5378
"06037125401",5.4974
"06037125402",9.8589
"06037125501",5.865
"06037125502",9.9771
"06037125600",4.5535
"06037127102",16.4934
"06037127103",8.4271
"06037127104",6.0717
"06037127210",15.0394
"06037127220",16.4123
"06037127300",8.4242
"06037127400",19.9542
"06037127520",15.462
"06037127603",15.4498
"06037127604",16.0596
"06037127605",10.7415
"06037127606",6.5033
"06037127711",16.0256
"06037127712",14.9719
"06037127803",7.286
"06037127804",11.3924
"06037127805",19.3182
"06037127806",18.3116
"06037127910",21.1382
"06037127920",10.369
"06037128101",11.3788
"06037128102",20.8865
"06037128210",17.1326
"06037128220",11.1607
"06037128302",26.36
"06037128303",19.3726
"06037128400",9.5957
"06037128500",4.2113
"06037128601",16.2759
"06037128602",6.5456
"06037128702",10.1128
"06037128801",3.5098
"06037128802",3.5118
"06037128910",5.7746
"06037131010",10.6629
"06037131020",12.4254
"06037131100",5.1924
"06037131200",3.9508
"06037131300",10.4592
"06037131400",9.3895
"06037131600",7.214
"06037131701",11.0972
"06037131702",6.0212
"06037131800",8.2345
"06037131900",3.7416
"06037132001",2.172
"06037132002",5.3325
"06037132101",8.9343
"06037132102",16.1165
"06037132300",12.8539
"06037132501",13.0466
"06037132502",10.3412
"06037132700",8.188
"06037132900",8.7773
"06037133000",13.3131
"06037133100",7.9698
"06037134001",17.0031
"06037134002",8.7585
"06037134101",12.9772
"06037134103",9.4476
"06037134104",14.704
"06037134201",9.0813
"06037134302",9.2412
"06037134303",10.7039
"06037134304",7.2069
"06037134305",24.5518
"06037134306",13.8649
"06037134421",4.4639
"06037134422",7.2502
"06037134423",3.6168
"06037134424",2.1605
"06037134520",22.0445
"06037134521",25.1422
"06037134522",19.8464
"06037134710",18.9685
"06037134720",11.4702
"06037134800",4.6257
"06037134901",4.7771
"06037134903",9.2643
"06037134904",10.3175
"06037134905",7.2496
"06037135102",4.8131
"06037135111",3.3806
"06037135113",2.8407
"06037135114",5.5621
"06037135201",4.8063
"06037135202",2.4002
"06037135203",1.344
"06037137000",2.7038
"06037137103",4.1063
"06037137104",3.7037
"06037137201",1.1292
"06037137301",1.1449
"06037137302",1.7307
"06037137401",5.606
"06037137402",2.9267
"06037137501",9.4139
"06037137502",4.7263
"06037137504",0.6961
"06037138000",4.0586
"06037139001",5.9053
"06037139200",4.6097
"06037139301",3.0596
"06037139302",16.1
"06037139303",6.9932
"06037139401",5.4693
"06037139402",2.7941
"06037139502",3.3939
"06037139503",6.5758
"06037139504",8.9045
"06037139600",4.8814
"06037139701",2.3846
"06037139702",2.4973
"06037139703",6.4607
"06037139801",3.6411
"06037139802",1.4057
"06037141101",8.2371
"06037141102",7.8725
"06037141201",5.1931
"06037141202",4.5625
"06037141302",5.3338
"06037141303",5.9822
"06037141304",3.3723
"06037141400",7.021
"06037141500",0.5701
"06037141600",0.6941
"06037141700",0.7909
"06037143100",6.9948
"06037143200",10.1102
"06037143300",8.0385
"06037143400",6.1933
"06037143500",1.6417
"06037143602",2.7118
"06037143603",6.5635
"06037143604",11.3978
"06037143700",3.3062
"06037143800",1.6118
"06037143901",2.9983
"06037143902",3.6515
"06037181000",4.1446
"06037181300",5.1434
"06037181400",5.0991
"06037181500",7.7856
"06037181600",5.7347
"06037183101",10.0512
"06037183103",9.6211
"06037183104",11.5726
"06037183220",10.1774
"06037183221",14.7084
"06037183222",7.7765
"06037183300",11.1557
"06037183401",5.9265
"06037183402",8.3419
"06037183510",7.6834
"06037183520",14.9109
"06037183610",10.9585
"06037183620",9.6753
"06037183701",12.8495
"06037183702",3.6036
"06037183810",17.8237
"06037183820",20.5515
"06037185100",8.2512
"06037185202",4.9076
"06037185203",16.8536
"06037185204",4.4768
"06037185310",12.8246
"06037185320",17.118
"06037186100",5.0552
"06037186201",9.5283
"06037186202",7.424
"06037186203",6.8208
"06037186301",18.3758
"06037186302",8.438
"06037186401",16.681
"06037186403",10.4522
"06037186404",9.122
"06037187101",12.3308
"06037187102",11.0457
"06037187200",15.1873
"06037187300",6.839
"06037188100",10.4252
"06037188201",6.0179
"06037188202",7.9555
"06037188300",3.2895
"06037189101",5.6327
"06037189102",4.1716
"06037189201",8.7376
"06037189202",2.7129
"06037189300",3.4007
"06037189400",3.6202
"06037189500",9.6651
"06037189600",10.358
"06037189701",4.8947
"06037189702",3.8619
"06037189800",5.1538
"06037189902",7.7639
"06037189903",12.3983
"06037189904",12.4846
"06037189905",7.3283
"06037190100",16.9773
"06037190201",15.5769
"06037190202",11.0388
"06037190301",13.6774
"06037190401",17.5344
"06037190402",9.8651
"06037190510",13.2085
"06037190520",9.2988
"06037190700",11.6946
"06037190801",13.7957
"06037190802",13.0114
"06037190901",20.2747
"06037190902",17.5384
"06037191000",13.1876
"06037191110",14.3775
"06037191120",11.8184
"06037191201",11.0379
"06037191203",20.7721
"06037191204",11.9036
"06037191301",11.1511
"06037191302",13.4566
"06037191410",16.0502
"06037191420",25.6137
"06037191500",19.3053
"06037191610",14.4914
"06037191620",16.5193
"06037191710",20.3269
"06037191720",27.3573
"06037191810",26.8785
"06037191820",16.3098
"06037191901",10.9804
"06037191902",2.5108
"06037192001",3.4406
"06037192002",5.1711
"06037192300",6.5773
"06037192410",7.0811
"06037192420",15.257
"06037192510",16.1198
"06037192520",26.3238
"06037192610",20.6859
"06037192620",23.3202
"06037192700",19.4549
"06037194101",5.5709
"06037194102",6.1148
"06037194200",3.8309
"06037194300",3.0043
"06037194401",7.3138
"06037194402",9.6116
"06037194500",0.5081
"06037195100",1.6362
"06037195201",1.2468
"06037195202",2.5726
"06037195300",6.9602
"06037195400",8.3746
"06037195500",5.6597
"06037195600",16.2943
"06037195710",14.5895
"06037195720",16.9
"06037195802",20.327
"06037195803",12.9081
"06037195804",9.4749
"06037195901",14.5738
"06037195902",12.2318
"06037195903",11.4542
"06037197200",13.2771
"06037197300",14.3386
"06037197410",9.9053
"06037197420",14.5555
"06037197500",16.837
"06037197600",13.6657
"06037197700",13.6909
"06037199000",16.7687
"06037199110",16.451
"06037199120",10.9742
"06037199201",13.9344
"06037199202",17.696
"06037199300",16.3793
"06037199400",14.8981
"06037199700",14.6915
"06037199800",7.79
"06037199900",8.9153
"06037201110",8.6167
"06037201120",9.2181
"06037201200",9.2637
"06037201301",13.2639
"06037201302",3.9437
"06037201401",9.3117
"06037201402",7.4675
"06037201501",11.1235
"06037201503",9.7503
"06037201504",15.7689
"06037201601",14.2919
"06037201602",11.9595
"06037201700",9.8658
"06037203100",14.7843
"06037203200",14.9956
"06037203300",10.5007
"06037203500",10.4755
"06037203600",20.3184
"06037203710",15.4434
"06037203720",19.2043
"06037203800",14.268
"06037203900",14.1068
"06037204110",14.0901
"06037204120",12.0162
"06037204200",17.0085
"06037204300",16.5982
"06037204410",13.7087
"06037204420",16.8358
"06037204600",13.2843
"06037204700",17.8766
"06037204810",17.2067
"06037204820",12.0036
"06037204910",16.2227
"06037204920",9.0513
"06037205110",24.4109
"06037205120",10.8794
"06037206010",14.0015
"06037206020",7.772
"06037206031",6.3423
"06037206032",12.9316
"06037206050",5.9777
"06037206200",7.8328
"06037206300",15.4971
"06037207101",8.4208
"06037207102",6.8353
"06037207103",9.2353
"06037207301",12.0953
"06037207302",10.6117
"06037207400",14.7727
"06037207501",14.2727
"06037207502",4.1205
"06037207710",7.778
"06037207900",8.196
"06037208000",18.5935
"06037208301",37.3371
"06037208302",19.3965
"06037208401",31.5005
"06037208402",15.8494
"06037208501",16.5858
"06037208502",18.372
"06037208610",26.4767
"06037208620",16.1943
"06037208710",14.0387
"06037208720",29.9143
"06037208801",29.2838
"06037208802",18.6867
"06037208902",43.7572
"06037208903",37.8932
"06037208904",36.6916
"06037209102",35.2605
"06037209103",34.3028
"06037209104",23.75
"06037209200",12.9813
"06037209300",22.8747
"06037209401",33.4439
"06037209402",51.5519
"06037209403",28.3267
"06037209510",36.7143
"06037209520",34.1795
"06037209810",32.8959
"06037209820",25.4474
"06037210010",28.6156
"06037211000",5.5425
"06037211120",16.2201
"06037211121",13.6343
"06037211122",15.9342
"06037211201",25.7611
"06037211202",22.1081
"06037211310",24.2683
"06037211320",14.9536
"06037211410",17.9392
"06037211420",21.7464
"06037211500",9.7006
"06037211701",3.0817
"06037211703",16.5255
"06037211704",15.9156
"06037211802",13.6267
"06037211803",20.6701
"06037211804",25.1557
"06037211910",25.9666
"06037211921",29.4141
"06037211922",30.2845
"06037212101",16.3163
"06037212102",13.313
"06037212202",28.6215
"06037212203",32.9101
"06037212204",24.3862
"06037212303",34.8189
"06037212304",17.631
"06037212305",27.9008
"06037212306",33.138
"06037212410",26.378
"06037212420",20.0739
"06037212501",21.3402
"06037212502",16.726
"06037212610",17.6523
"06037212620",17.519
"06037212701",13.8747
"06037212702",12.7468
"06037212800",5.6167
"06037212900",24.8768
"06037213100",18.8608
"06037213201",16.6582
"06037213202",28.7671
"06037213310",30.8126
"06037213320",17.8615
"06037213401",28.3803
"06037213402",21.8859
"06037214000",2.1744
"06037214100",2.3173
"06037214400",4.0809
"06037214501",5.5144
"06037214502",9.1012
"06037214503",8.7376
"06037214600",2.1194
"06037214700",6.1776
"06037214800",3.062
"06037214901",2.2154
"06037214902",5.3333
"06037215101",6.1028
"06037215102",10.559
"06037216100",5.0209
"06037216200",13.3091
"06037216300",6.114
"06037216401",10.1333
"06037216402",4.2937
"06037216700",8.1176
"06037216800",8.2655
"06037216900",2.967
"06037217001",1.4684
"06037217002",5.4538
"06037217100",7.67
"06037217200",17.9981
"06037218110",13.8967
"06037218120",13.7128
"06037218210",18.7677
"06037218220",15.8331
"06037218300",9.4896
"06037218400",17.1628
"06037218500",12.9875
"06037218600",11.151
"06037218701",15.0602
"06037218702",16.0992
"06037218800",14.8256
"06037218900",18.5721
"06037219010",13.6108
"06037219020",8.5936
"06037219300",20.5237
"06037219500",11.0845
"06037219700",9.7404
"06037219800",18.7347
"06037219901",19.6386
"06037219902",17.6162
"06037220000",14.1584
"06037220100",1.6149
"06037221110",25.668
"06037221120",27.0566
"06037221210",19.1469
"06037221220",24.9408
"06037221302",20.5808
"06037221303",28.154
"06037221304",25.6489
"06037221401",13.5292
"06037221402",19.5789
"06037221500",14.6065
"06037221601",15.7911
"06037221602",19.0759
"06037221710",15.0636
"06037221810",14.0733
"06037221820",4.2319
"06037221900",6.0734
"06037222001",9.7708
"06037222002",19.6262
"06037222100",16.0471
"06037222200",18.8816
"06037222500",18.0289
"06037222600",12.2184
"06037222700",2.0388
"06037224010",16.5083
"06037224020",24.0761
"06037224200",25.3937
"06037224310",30.9249
"06037224320",21.3997
"06037224410",14.4646
"06037224420",20.5157
"06037224600",20.043
"06037224700",5.2421
"06037226001",17.6291
"06037226002",18.4066
"06037226410",23.7108
"06037226420",17.7364
"06037226700",20.6239
"06037227010",15.8633
"06037227020",18.5482
"06037228100",15.386
"06037228210",19.1117
"06037228220",20.3657
"06037228310",16.9949
"06037228320",18.6739
"06037228410",27.1389
"06037228420",20.0969
"06037228500",21.4829
"06037228600",19.6755
"06037228710",19.2868
"06037228720",18.1554
"06037228800",20.5305
"06037228900",7.6765
"06037229100",23.5798
"06037229200",22.1848
"06037229300",18.9501
"06037229410",27.7793
"06037229420",14.1837
"06037231100",17.0121
"06037231210",14.802
"06037231220",18.9125
"06037231300",16.4202
"06037231400",14.2887
"06037231500",15.8813
"06037231600",15.5871
"06037231710",19.7359
"06037231720",12.7685
"06037231800",24.1722
"06037231900",13.7293
"06037232110",14.5161
"06037232120",14.5477
"06037232200",10.3051
"06037232300",29.021
"06037232400",13.0269
"06037232500",10.0202
"06037232600",14.2983
"06037232700",17.0828
"06037232800",17.955
"06037234000",5.4693
"06037234200",1.6502
"06037234300",3.7057
"06037234501",9.8309
"06037234502",7.2425
"06037234600",10.7325
"06037234700",11.9695
"06037234800",5.1854
"06037234901",10.2379
"06037234902",20.0251
"06037235100",8.4781
"06037235201",12.3924
"06037235202",10.344
"06037236000",4.8314
"06037236100",7.8768
"06037236202",12.9944
"06037236203",11.3855
"06037236204",11.8366
"06037236400",9.0378
"06037237101",16.3302
"06037237102",22.2777
"06037237201",9.2292
"06037237202",16.022
"06037237300",9.1696
"06037237401",15.4849
"06037237402",16.6117
"06037237500",16.9714
"06037237600",16.8739
"06037237710",22.2676
"06037237720",15.4033
"06037237800",9.8261
"06037237900",11.8275
"06037238000",3.6665
"06037238100",5.6944
"06037238200",7.8361
"06037238310",21.1116
"06037238320",15.6341
"06037238400",7.5955
"06037239201",17.7991
"06037239202",19.3866
"06037239310",17.3517
"06037239320",20.9006
"06037239330",16.07
"06037239501",16.3851
"06037239502",16.8576
"06037239601",24.7148
"06037239602",11.0309
"06037239701",17.5107
"06037239702",17.1435
"06037239801",17.2526
"06037239802",11.1152
"06037240010",16.4303
"06037240020",16.5231
"06037240200",16.0109
"06037240300",10.644
"06037240401",13.0428
"06037240402",8.0521
"06037240500",16.0934
"06037240600",14.7884
"06037240700",12.8563
"06037240800",18.3138
"06037240900",15.3207
"06037241001",16.0829
"06037241002",9.001
"06037241110",12.4553
"06037241120",13.7777
"06037241201",16.9154
"06037241202",9.2185
"06037241300",10.7661
"06037241400",18.5997
"06037242000",17.8085
"06037242100",10.4488
"06037242200",16.8541
"06037242300",9.996
"06037242600",5.5929
"06037242700",15.6752
"06037243000",16.9132
"06037243100",9.4362
"06037261101",2.8418
"06037261102",2.4716
"06037261200",2.4151
"06037262100",2.8753
"06037262200",0.9308
"06037262301",1.6376
"06037262302",0.5975
"06037262303",1.3496
"06037262400",1.7326
"06037262501",1.1361
"06037262601",0.1978
"06037262604",1.2855
"06037262704",1.7411
"06037262706",0.364
"06037262802",2.0152
"06037264000",2.0202
"06037264102",2.2348
"06037264103",2.0316
"06037264301",2.732
"06037264302",1.9083
"06037265100",0.9005
"06037265201",3.6229
"06037265202",9.1183
"06037265301",0.5344
"06037265303",6.3908
"06037265304",10.0417
"06037265305",2.5564
"06037265410",1.1371
"06037265420",1.9587
"06037265510",7.0127
"06037265520",1.8581
"06037265601",5.2006
"06037265602",1.2812
"06037265700",4.2278
"06037267100",3.2787
"06037267200",1.7419
"06037267300",5.5435
"06037267402",8.1749
"06037267403",4.8333
"06037267404",7.0504
"06037267501",16.586
"06037267502",8.6645
"06037267600",2.8807
"06037267700",8.1807
"06037267800",0
"06037267901",1.9357
"06037267902",0.0892
"06037269000",0.7353
"06037269100",3.1426
"06037269300",3.125
"06037269500",0.5794
"06037269601",7.987
"06037269602",18.1501
"06037269700",3.2431
"06037269800",8.6671
"06037269903",7.3955
"06037269904",11.2811
"06037269905",8.8247
"06037269906",4.3699
"06037269907",9.7325
"06037270100",10.5426
"06037270200",17.235
"06037270300",12.5885
"06037271100",5.8067
"06037271200",5.2708
"06037271300",2.4573
"06037271400",2.7518
"06037271500",2.8553
"06037271600",6.2981
"06037271701",5.0853
"06037271702",4.4666
"06037271801",11.4295
"06037271802",10.0753
"06037271901",9.6148
"06037271902",7.3687
"06037272100",6.7497
"06037272201",16.9874
"06037272202",17.3564
"06037272301",9.6443
"06037272302",17.0967
"06037273100",2.8082
"06037273200",11.3657
"06037273300",5.6261
"06037273402",16.6225
"06037273502",3.7749
"06037273600",3.1942
"06037273700",7.1157
"06037273800",7.2423
"06037273902",5.1647
"06037274100",2.3977
"06037274202",2.1709
"06037275101",3.273
"06037275102",20.1936
"06037275200",7.9179
"06037275302",3.5975
"06037275311",10.7287
"06037275400",1.9169
"06037275500",9.1393
"06037275602",4.5357
"06037275603",1.6949
"06037276000",2.7223
"06037276100",2.8516
"06037276400",1.3019
"06037276500",1.9739
"06037276601",2.3572
"06037276603",3.8987
"06037276604",3.5273
"06037277000",0.6468
"06037277100",2.9677
"06037277200",1.2295
"06037277400",7.2607
"06037278001",3.2695
"06037278102",4.0803
"06037291110",11.6602
"06037291120",16.4936
"06037291130",5.9294
"06037291210",7.9451
"06037291220",16.6484
"06037291300",5.2025
"06037292000",14.9497
"06037293201",8.2272
"06037293202",20.5856
"06037293301",6.4297
"06037293302",12.7836
"06037293304",12.293
"06037293306",13.9163
"06037293307",13.7916
"06037294110",7.4837
"06037294120",16.0774
"06037294200",12.105
"06037294301",4.7349
"06037294302",17.8914
"06037294410",7.1471
"06037294421",16.5157
"06037294510",12.5344
"06037294520",12.3177
"06037294610",15.9898
"06037294620",9.0113
"06037294701",12.1652
"06037294810",24.0767
"06037294820",17.9672
"06037294830",20.9482
"06037294900",20.2959
"06037295103",1.9661
"06037296210",15.3895
"06037296220",5.1427
"06037296300",4.103
"06037296401",4.0013
"06037296402",6.1896
"06037296500",10.3568
"06037296600",13.8821
"06037296901",11.9069
"06037296902",18.0048
"06037297000",9.791
"06037297110",18.5547
"06037297120",11.7937
"06037297201",9.0122
"06037297202",7.29
"06037297300",1.001
"06037297400",3.7247
"06037297500",4.8511
"06037297601",6.927
"06037297602",9.3301
"06037300100",1.3801
"06037300200",3.7369
"06037300301",5.8599
"06037300400",3.1025
"06037300501",2.9718
"06037300502",9.5165
"06037300600",5.4621
"06037300701",2.6735
"06037300702",1.7864
"06037300800",3.2427
"06037300901",4.4954
"06037300902",0.2019
"06037301000",3.3078
"06037301100",6.4858
"06037301203",9.2125
"06037301204",10.0501
"06037301205",4.228
"06037301206",7.1577
"06037301300",3.6431
"06037301400",5.6086
"06037301501",1.3966
"06037301502",7.3037
"06037301601",9.6338
"06037301602",14.0826
"06037301701",5.233
"06037301702",13.2259
"06037301801",10.8026
"06037301802",7.5066
"06037301900",4.7672
"06037302002",7.2423
"06037302003",8.1855
"06037302004",8.0944
"06037302102",2.9054
"06037302103",7.3665
"06037302104",9.0604
"06037302201",7.9373
"06037302202",12.4501
"06037302301",8.8129
"06037302302",10.4195
"06037302401",14.8194
"06037302503",7.6923
"06037302504",14.0417
"06037302505",6.4899
"06037302506",11.8828
"06037310100",4.0979
"06037310201",3.1228
"06037310202",3.3962
"06037310300",4.3041
"06037310400",5.4204
"06037310501",9.4196
"06037310601",7.7044
"06037310602",5.0824
"06037310701",2.5676
"06037310702",9.9284
"06037310703",12.3931
"06037310800",7.659
"06037310900",6.9325
"06037311000",5.6029
"06037311100",4.2416
"06037311200",4.043
"06037311300",8.9129
"06037311400",4.087
"06037311500",6.5374
"06037311600",7.1258
"06037311700",3.3876
"06037311801",6.7133
"06037311802",6.5143
"06037320100",11.1301
"06037320201",9.632
"06037320202",12.9791
"06037320300",12.6968
"06037400204",3.3067
"06037400205",1.1372
"06037400206",1.9472
"06037400207",3.0847
"06037400302",3.9478
"06037400304",5.5671
"06037400402",2.5784
"06037400403",5.0233
"06037400404",2.2727
"06037400501",2.5866
"06037400602",11.0927
"06037400603",4.4799
"06037400604",8.9075
"06037400800",3.33
"06037400900",2.5995
"06037401001",4.8334
"06037401002",4.758
"06037401101",4.6605
"06037401102",14.5713
"06037401201",4.2345
"06037401202",5.4522
"06037401203",6.5001
"06037401303",2.2179
"06037401304",0.978
"06037401311",1.0621
"06037401312",5.8901
"06037401500",3.7583
"06037401601",2.3152
"06037401602",10.2327
"06037401603",1.1818
"06037401701",3.4342
"06037401703",6.8393
"06037401704",10.0539
"06037401800",6.2697
"06037401901",1.9123
"06037401902",6.4458
"06037402001",3.1573
"06037402002",5.3062
"06037402101",6.7809
"06037402102",4.9262
"06037402200",5.2632
"06037402301",16.6051
"06037402303",9.9772
"06037402304",22.5043
"06037402402",10.484
"06037402403",8.2695
"06037402404",3.8668
"06037402405",15.1304
"06037402406",15.2374
"06037402501",19.7102
"06037402502",11.8877
"06037402600",13.6746
"06037402702",18.9474
"06037402703",11.0277
"06037402705",8.3718
"06037402706",11.6479
"06037402801",14.5699
"06037402803",14.7706
"06037402804",19.0881
"06037402902",19.4465
"06037402903",13.6374
"06037402904",11.6757
"06037403000",13.0504
"06037403200",3.9007
"06037403303",8.683
"06037403304",5.4789
"06037403305",5.5798
"06037403312",6.2009
"06037403316",7.2517
"06037403317",4.2431
"06037403318",6.0835
"06037403319",8.6752
"06037403320",1.6304
"06037403321",8.267
"06037403322",5.482
"06037403323",4.4776
"06037403324",3.7815
"06037403325",4.7868
"06037403401",4.7702
"06037403402",4.3316
"06037403403",4.4304
"06037403404",5.1418
"06037403405",3.5336
"06037403406",4.9863
"06037403407",7.7787
"06037403408",2.7488
"06037403500",1.4714
"06037403600",5.7741
"06037403702",7.2468
"06037403703",4.3102
"06037403721",7.3719
"06037403722",9.39
"06037403801",4.6915
"06037403802",8.1352
"06037403901",5.2615
"06037403902",4.519
"06037404000",4.1829
"06037404100",12.8724
"06037404201",10.7754
"06037404202",8.4374
"06037404301",12.157
"06037404302",7.0312
"06037404401",12.0054
"06037404402",8.5484
"06037404501",10.2187
"06037404503",2.7533
"06037404504",12.5172
"06037404600",5.5954
"06037404701",6.5295
"06037404702",11.423
"06037404703",18.5531
"06037404801",10.9516
"06037404802",13.0601
"06037404803",11.8902
"06037404901",13.4386
"06037404902",8.7198
"06037404903",10.5551
"06037405001",9.7294
"06037405002",9.8454
"06037405101",11.3102
"06037405102",6.4355
"06037405201",6.4869
"06037405202",10.6392
"06037405203",16.388
"06037405301",4.324
"06037405302",7.7575
"06037405400",3.9503
"06037405500",3.2141
"06037405600",3.9618
"06037405701",7.6644
"06037405702",5.2451
"06037405800",7.1416
"06037405900",10.3422
"06037406000",5.3492
"06037406101",4.3507
"06037406102",8.9347
"06037406200",7.9746
"06037406300",7.2397
"06037406402",1.909
"06037406411",12.1379
"06037406412",5.4169
"06037406500",6.1147
"06037406601",8.8649
"06037406602",6.2524
"06037406701",2.9479
"06037406702",8.8907
"06037406800",4.4889
"06037406901",9.9518
"06037406902",10.0446
"06037407001",11.2667
"06037407002",10.39
"06037407101",11.6322
"06037407102",13.275
"06037407200",15.8755
"06037407301",6.5006
"06037407302",6.8227
"06037407400",7.0814
"06037407501",9.4282
"06037407502",10.9832
"06037407601",17.079
"06037407602",11.3842
"06037407701",20.6129
"06037407702",10.4982
"06037407801",10.3545
"06037407802",12.1404
"06037407900",9.5207
"06037408003",11.6233
"06037408004",10.9507
"06037408005",11.3738
"06037408006",3.7081
"06037408133",8.832
"06037408134",6.8116
"06037408135",3.6884
"06037408136",6.2737
"06037408137",5.9568
"06037408138",13.4573
"06037408139",13.6023
"06037408140",17.7168
"06037408141",13.4802
"06037408202",15.8762
"06037408211",12.2647
"06037408212",3.8316
"06037408301",10.3968
"06037408302",9.5673
"06037408303",9.0366
"06037408401",6.4998
"06037408402",5.9284
"06037408501",9.1475
"06037408503",1.4686
"06037408504",6.2837
"06037408505",3.6185
"06037408623",8.3537
"06037408624",6.5986
"06037408625",5.8809
"06037408626",8.8184
"06037408627",10.5007
"06037408628",3.9405
"06037408629",7.6029
"06037408630",8.6331
"06037408631",13.8665
"06037408703",7.1963
"06037408704",11.77
"06037408705",5.76
"06037408706",3.4332
"06037408722",8.4108
"06037408723",7.6091
"06037408724",18.0801
"06037408800",20.0046
"06037430002",6.3563
"06037430003",4.5665
"06037430101",8.3269
"06037430102",11.6781
"06037430200",3.2686
"06037430301",2.4368
"06037430302",3.4735
"06037430400",1.3356
"06037430501",0.2978
"06037430502",6.2591
"06037430600",2.5697
"06037430701",3.7228
"06037430721",6.7592
"06037430723",8.2016
"06037430724",5.0603
"06037430801",7.4377
"06037430802",1.57
"06037430803",3.4834
"06037430901",6.6194
"06037430902",9.7758
"06037431001",6.0764
"06037431002",5.5292
"06037431100",11.4764
"06037431200",14.5043
"06037431300",7.8468
"06037431400",4.3075
"06037431501",6.2206
"06037431502",7.4655
"06037431600",3.4574
"06037431700",4.8833
"06037431800",4.5273
"06037431900",4.9318
"06037432000",5.0235
"06037432101",3.2739
"06037432102",3.7393
"06037432201",8.5102
"06037432202",9.818
"06037432300",9.7241
"06037432401",15.0193
"06037432402",6.1917
"06037432500",10.25
"06037432601",13.0791
"06037432602",6.5536
"06037432700",8.3578
"06037432801",11.8341
"06037432802",15.6195
"06037432901",8.586
"06037432902",4.4259
"06037433101",10.5519
"06037433102",16.9035
"06037433200",9.5786
"06037433302",19.8693
"06037433304",15.4967
"06037433305",16.0675
"06037433306",15.428
"06037433307",13.8428
"06037433401",19.6576
"06037433402",18.6652
"06037433403",16.9193
"06037433501",17.0344
"06037433503",15.2034
"06037433504",18.763
"06037433601",4.7375
"06037433602",6.25
"06037433700",12.0469
"06037433801",12.9038
"06037433802",7.5253
"06037433901",22.2977
"06037433902",12.7588
"06037434001",17.5283
"06037434003",15.3063
"06037434004",4.4093
"06037460000",3.1045
"06037460100",4.4725
"06037460200",4.1339
"06037460301",1.6718
"06037460302",8.0861
"06037460401",9.7462
"06037460501",2.6719
"06037460502",0.9153
"06037460600",1.7237
"06037460700",3.3664
"06037460800",1.0635
"06037460900",8.842
"06037461000",9.966
"06037461100",8.0458
"06037461200",4.9691
"06037461300",2.5672
"06037461400",6.3482
"06037461501",10.0478
"06037461502",11.2188
"06037461600",11.4889
"06037461700",0.527
"06037461901",15.2247
"06037461902",6.8851
"06037462001",17.4439
"06037462002",17.0171
"06037462100",11.4823
"06037462201",8.8076
"06037462202",3.9393
"06037462301",14.4729
"06037462302",10.084
"06037462400",4.9109
"06037462500",3.5633
"06037462600",1.7707
"06037462700",10.7698
"06037462800",3.6081
"06037462900",3.6871
"06037463000",4.6529
"06037463101",5.394
"06037463102",5.2768
"06037463200",5.1948
"06037463300",1.5736
"06037463400",5.6722
"06037463500",2.5042
"06037463601",3.6114
"06037463602",1.3208
"06037463700",1.3066
"06037463800",1.9871
"06037463900",7.6059
"06037464000",3.9349
"06037464100",3.0052
"06037464200",1.6631
"06037480002",5.4351
"06037480011",8.9828
"06037480012",3.3568
"06037480101",3.302
"06037480102",4.3616
"06037480201",3.5705
"06037480202",2.781
"06037480302",3.3604
"06037480303",9.7246
"06037480304",11.1611
"06037480400",4.9068
"06037480500",2.4495
"06037480600",4.3785
"06037480702",3.5481
"06037480703",3.1008
"06037480704",4.6763
"06037480802",5.0272
"06037480803",3.6473
"06037480804",5.9076
"06037480901",7.362
"06037480902",8.8845
"06037480903",12.1039
"06037481001",2.5647
"06037481002",8.3245
"06037481101",9.1238
"06037481102",12.6871
"06037481103",7.0726
"06037481201",9.1866
"06037481202",8.2579
"06037481300",5.4259
"06037481401",11.1377
"06037481402",8.8966
"06037481500",2.0049
"06037481603",4.7332
"06037481604",5.7282
"06037481605",3.4264
"06037481606",7.9793
"06037481711",6.2947
"06037481712",4.6163
"06037481713",7.5292
"06037481714",13.5086
"06037481800",3.8702
"06037481901",3.29
"06037481902",7.3306
"06037482001",3.6981
"06037482002",9.0047
"06037482101",5.4526
"06037482102",4.3776
"06037482201",6.4635
"06037482202",6.2512
"06037482301",6.0716
"06037482303",5.8039
"06037482304",8.2226
"06037482401",5.6948
"06037482402",9.014
"06037482502",8.4115
"06037482503",4.0531
"06037482521",8.4022
"06037482522",3.5722
"06037482600",8.4478
"06037482701",8.0417
"06037482702",1.5658
"06037482800",4.6861
"06037500100",3.114
"06037500201",4.5659
"06037500202",2.8479
"06037500300",2.0182
"06037500402",10.9349
"06037500403",4.2831
"06037500404",10.2175
"06037500500",12.0607
"06037500600",10.3827
"06037500700",5.3056
"06037500800",6.222
"06037500900",12.3305
"06037501001",9.9803
"06037501002",5.0469
"06037501200",6.6612
"06037501300",10.4417
"06037501400",7.1682
"06037501501",2.9049
"06037501503",5.2462
"06037501504",12.0807
"06037501600",3.913
"06037501700",2.2482
"06037501802",4.4844
"06037501803",13.1148
"06037501804",10.0234
"06037501900",3.1
"06037502003",10.896
"06037502004",11.5928
"06037502005",7.0385
"06037502100",6.9715
"06037502200",13.0748
"06037502301",13.8419
"06037502302",19.1919
"06037502401",6.871
"06037502402",14.9458
"06037502500",17.1304
"06037502601",5.361
"06037502602",7.4827
"06037502700",5.0941
"06037502801",8.2251
"06037502802",5.6151
"06037502901",6.6713
"06037502902",9.6689
"06037503000",17.9986
"06037503103",13.6434
"06037503104",13.7293
"06037503105",17.6679
"06037503106",9.3131
"06037503201",2.2804
"06037503202",6.7621
"06037503301",4.3568
"06037503302",9.3468
"06037503401",3.4812
"06037503402",3.9235
"06037503501",9.8231
"06037503502",2.7975
"06037503601",3.1923
"06037503602",1.4008
"06037503701",5.2893
"06037503702",10.8231
"06037503703",2.7027
"06037503801",9.2444
"06037503802",3.9388
"06037503901",5.802
"06037503902",1.4983
"06037504001",3.7396
"06037504002",2.5087
"06037504101",11.4369
"06037504102",0
"06037530003",2.5325
"06037530004",4.7783
"06037530005",4.5936
"06037530006",11.5254
"06037530101",13.4597
"06037530102",10.6128
"06037530202",6.8077
"06037530203",12.1334
"06037530204",14.5236
"06037530301",9.7693
"06037530302",13.8998
"06037530400",4.5139
"06037530500",7.8247
"06037530601",10.6485
"06037530602",15.602
"06037530700",12.1198
"06037530801",9.6542
"06037530802",13.7757
"06037530901",17.7796
"06037530902",10.1562
"06037531000",13.2476
"06037531101",11.1523
"06037531102",6.6044
"06037531201",24.774
"06037531202",17.8064
"06037531301",13.4493
"06037531302",16.4913
"06037531502",18.0453
"06037531503",14.348
"06037531504",17.7176
"06037531602",13.6282
"06037531603",12.9232
"06037531604",17.0066
"06037531701",11.2186
"06037531702",18.1484
"06037531800",13.9315
"06037531901",20.667
"06037531902",11.3374
"06037532001",9.6509
"06037532002",21.0417
"06037532101",15.1475
"06037532102",8.7255
"06037532200",16.6372
"06037532302",13.5671
"06037532303",11.0024
"06037532304",13.9297
"06037532400",6.6667
"06037532500",14.8272
"06037532603",15.6583
"06037532604",18.5104
"06037532605",15.874
"06037532606",19.269
"06037532700",26.6901
"06037532800",16.6667
"06037532900",20.8983
"06037533001",12.5292
"06037533002",15.9704
"06037533103",17.6435
"06037533104",18.6863
"06037533105",31.0757
"06037533106",15.4407
"06037533107",20.04
"06037533201",11.8723
"06037533202",20.6146
"06037533203",19.9379
"06037533300",11.1476
"06037533401",12.6913
"06037533402",18.1132
"06037533403",17.9647
"06037533501",13.5365
"06037533502",13.5791
"06037533503",19.4302
"06037533601",12.6207
"06037533602",22.3224
"06037533603",10.063
"06037533701",15.7772
"06037533702",22.0999
"06037533703",14.6606
"06037533803",14.1871
"06037533804",11.9087
"06037533805",18.0775
"06037533806",19.32
"06037533901",11.25
"06037533902",14.0776
"06037534001",17.9122
"06037534002",14.9789
"06037534101",23.4945
"06037534102",14.8899
"06037534201",22.9064
"06037534202",19.5546
"06037534203",15.1279
"06037534301",20.1852
"06037534302",11.3172
"06037534403",22.9338
"06037534404",18.9285
"06037534405",19.9494
"06037534406",14.3028
"06037534501",16.6093
"06037534502",14.697
"06037534700",11.6122
"06037534802",12.213
"06037534803",15.4718
"06037534804",14.1863
"06037534900",12.8501
"06037535001",13.4901
"06037535002",14.3092
"06037535101",15.7881
"06037535102",13.8282
"06037535200",19.6204
"06037535300",16.1097
"06037535400",17.7596
"06037535501",18.471
"06037535502",25.8982
"06037535503",7.7679
"06037535603",15.8579
"06037535604",19.3923
"06037535605",20.2392
"06037535606",18.9337
"06037535607",13.6631
"06037535701",16.8035
"06037535702",19.0848
"06037535802",12.2576
"06037535803",12.341
"06037535804",13.795
"06037535901",6.1671
"06037535902",10.7782
"06037536000",17.5628
"06037536102",16.767
"06037536103",15.8042
"06037536104",13.6154
"06037536200",11.688
"06037540000",16.1507
"06037540101",12.1608
"06037540102",14.294
"06037540201",18.6703
"06037540202",21.4254
"06037540203",14.3355
"06037540300",15.5654
"06037540400",17.3068
"06037540501",17.7576
"06037540502",16.2421
"06037540600",26.9022
"06037540700",17.8165
"06037540800",6.7713
"06037540901",9.0832
"06037540902",15.4876
"06037541001",7.8276
"06037541002",6.7745
"06037541100",5.9059
"06037541200",8.2951
"06037541300",9.8331
"06037541400",14.4699
"06037541500",12.4024
"06037541603",16.0431
"06037541604",10.529
"06037541605",16.3146
"06037541606",13.075
"06037541700",11.0274
"06037541801",15.1133
"06037541802",16.5096
"06037542000",13.4452
"06037542103",12.2038
"06037542104",13.1874
"06037542105",15.2897
"06037542106",11.9305
"06037542200",11.8658
"06037542401",12.1033
"06037542402",10.0423
"06037542501",10.8976
"06037542502",11.7259
"06037542601",13.0197
"06037542602",15.3691
"06037542700",17.4417
"06037542800",10.0671
"06037542900",10.9024
"06037543000",6.5328
"06037543100",7.2119
"06037543201",8.5437
"06037543202",11.612
"06037543304",5.8653
"06037543305",12.0763
"06037543306",4.731
"06037543321",2.738
"06037543322",3.249
"06037543400",11.3642
"06037543501",7.7429
"06037543502",12.7549
"06037543503",3.8381
"06037543601",8.5547
"06037543602",8.3508
"06037543603",5.3243
"06037543604",3.54
"06037543701",7.5564
"06037543702",8.754
"06037543703",5.5804
"06037543801",7.858
"06037543802",7.3382
"06037543903",10.0777
"06037543905",14.5384
"06037544001",10.2973
"06037544002",8.7543
"06037550000",17.7961
"06037550100",3.3702
"06037550201",10.6149
"06037550202",8.056
"06037550300",6.7587
"06037550400",5.5465
"06037550500",8.4949
"06037550601",5.8893
"06037550602",6.8623
"06037550700",4.9508
"06037550800",7.1322
"06037550901",7.6384
"06037550902",11.0115
"06037551000",20.423
"06037551101",10.217
"06037551102",17.3945
"06037551201",9.3827
"06037551202",12.3627
"06037551300",13.6035
"06037551401",11.1087
"06037551402",9.6063
"06037551501",9.7353
"06037551502",7.2008
"06037551700",9.584
"06037551800",10.4461
"06037551900",9.4848
"06037552001",9.5447
"06037552002",5.1568
"06037552100",6.7482
"06037552200",11.7482
"06037552301",10.8326
"06037552302",12.5639
"06037552400",15.4767
"06037552601",9.0304
"06037552602",15.6024
"06037552700",12.6904
"06037552800",13.2477
"06037552900",7.6998
"06037553000",5.7206
"06037553100",7.2382
"06037553200",7.1916
"06037553300",14.468
"06037553400",10.4149
"06037553502",10.172
"06037553503",8.4308
"06037553504",13.4067
"06037553601",12.3218
"06037553602",9.5539
"06037553701",7.8875
"06037553702",9.7607
"06037553801",14.7683
"06037553802",12.6184
"06037553901",9.3868
"06037553902",16.2881
"06037554001",10.9834
"06037554002",10.5533
"06037554101",17.3055
"06037554103",7.235
"06037554104",7.9122
"06037554105",12.3716
"06037554201",9.3893
"06037554203",6.9505
"06037554204",14.1433
"06037554301",9.0026
"06037554302",12.8614
"06037554403",10.7414
"06037554404",11.9681
"06037554405",15.1244
"06037554406",5.3798
"06037554511",2.7414
"06037554512",5.2363
"06037554513",8.4844
"06037554514",9.0426
"06037554515",3.6119
"06037554516",5.6988
"06037554517",4.7704
"06037554518",1.6367
"06037554519",1.315
"06037554521",4.0634
"06037554522",3.733
"06037554600",9.6557
"06037554700",13.7939
"06037554801",15.1875
"06037554802",10.354
"06037554900",6.56
"06037555001",6.8408
"06037555002",7.4945
"06037555102",14.0304
"06037555103",7.0593
"06037555104",12.3483
"06037555202",3.469
"06037555211",11.5711
"06037555212",10.3914
"06037570001",8.0605
"06037570002",1.5677
"06037570003",4.3849
"06037570100",9.219
"06037570202",9.1117
"06037570203",9.6038
"06037570204",6.3121
"06037570301",11.6513
"06037570303",8.6334
"06037570304",9.2854
"06037570402",13.1765
"06037570403",13.6175
"06037570404",9.0588
"06037570501",3.8548
"06037570502",6.4815
"06037570601",10.5169
"06037570602",6.3299
"06037570603",4.679
"06037570701",3.1267
"06037570702",5.1394
"06037570800",3.5992
"06037570901",2.4166
"06037570902",3.0575
"06037571000",3.4293
"06037571101",2.5256
"06037571102",1.7432
"06037571200",3.2944
"06037571300",1.6298
"06037571400",3.9224
"06037571502",5.0106
"06037571503",5.3636
"06037571504",9.5966
"06037571600",4.3742
"06037571701",12.3259
"06037571703",7.6633
"06037571704",14.0088
"06037571800",2.8898
"06037571900",9.4587
"06037572001",6.9325
"06037572002",5.2139
"06037572100",8.8949
"06037572201",3.4186
"06037572202",6.1939
"06037572301",13.2518
"06037572302",10.9141
"06037572400",8.9825
"06037572500",6.5056
"06037572600",8.0455
"06037572700",9.3394
"06037572800",7.9108
"06037572900",15.2052
"06037573002",21.7817
"06037573003",15.5182
"06037573004",8.3898
"06037573100",11.064
"06037573201",11.2682
"06037573202",11.6954
"06037573300",12.6263
"06037573401",5.4811
"06037573402",10.4655
"06037573403",2.1727
"06037573601",2.8585
"06037573700",3.2613
"06037573800",3.133
"06037573902",1.4771
"06037574000",2.1297
"06037574100",3.1928
"06037574201",1.4839
"06037574202",1.0336
"06037574300",3.2648
"06037574400",1.0413
"06037574500",1.1311
"06037574601",1.6257
"06037574602",2.0139
"06037574800",7.7001
"06037574901",5.0582
"06037574902",6.2534
"06037575001",5.7755
"06037575002",4.2279
"06037575101",12.9523
"06037575102",8.8653
"06037575103",16.2444
"06037575201",9.5977
"06037575202",11.8084
"06037575300",12.8899
"06037575401",25.776
"06037575402",24.7275
"06037575500",0
"06037575801",20.5242
"06037575802",24.6292
"06037575803",7.4017
"06037575901",12.6654
"06037575902",14.8425
"06037576001",4.6936
"06037576200",13.1049
"06037576301",9.1193
"06037576302",23.2431
"06037576401",16.8293
"06037576402",11.7671
"06037576403",13.6187
"06037576501",13.0774
"06037576502",8.4586
"06037576503",12.4151
"06037576601",7.5188
"06037576602",4.7262
"06037576700",5.7922
"06037576801",5.7494
"06037576802",2.1095
"06037576901",11.8739
"06037576903",13.1449
"06037576904",8.9009
"06037577000",3.5409
"06037577100",2.1696
"06037577200",5.0103
"06037577300",5.7448
"06037577400",5.1239
"06037577501",0.2671
"06037577504",4.1364
"06037577602",0.4296
"06037577603",2.8261
"06037577604",1.6094
"06037599000",10.7445
"06037599100",0
"06037600100",14.8818
"06037600201",9.1287
"06037600202",11.6495
"06037600302",5.5412
"06037600303",14.2673
"06037600304",9.8721
"06037600400",4.9757
"06037600501",5.4572
"06037600502",15.7845
"06037600601",6.1063
"06037600602",22.6593
"06037600702",8.3372
"06037600703",5.4403
"06037600704",12.5704
"06037600801",7.9087
"06037600802",8.0097
"06037600902",9.8787
"06037600911",7.5652
"06037600912",14.0838
"06037601001",10.0173
"06037601002",8.6678
"06037601100",14.7835
"06037601202",11.3004
"06037601211",13.1193
"06037601212",8.5621
"06037601301",7.444
"06037601302",13.7324
"06037601303",15.6766
"06037601401",11.8507
"06037601402",10.4319
"06037601501",25.2935
"06037601502",18.6006
"06037601600",16.6028
"06037601700",20.3668
"06037601801",14.0085
"06037601802",17.8707
"06037601900",18.7745
"06037602002",14.8839
"06037602003",21.6807
"06037602004",17.2014
"06037602103",9.5143
"06037602104",19.1266
"06037602105",10.447
"06037602106",11.5862
"06037602200",8.9792
"06037602301",7.5107
"06037602302",1.8911
"06037602402",12.7821
"06037602403",13.4064
"06037602404",16.9738
"06037602504",16.0768
"06037602505",16.122
"06037602506",14.9872
"06037602507",8.3333
"06037602508",16.5848
"06037602509",10.8818
"06037602600",9.0602
"06037602700",4.8318
"06037602801",10.7316
"06037602802",10.5725
"06037602900",18.4785
"06037603001",15.6604
"06037603004",13.4155
"06037603005",14.8329
"06037603006",6.1117
"06037603101",5.5488
"06037603102",7.9421
"06037603200",7.7784
"06037603301",11.8264
"06037603302",8.0534
"06037603400",6.6861
"06037603500",8.4155
"06037603600",8.5251
"06037603702",2.5445
"06037603703",2.8169
"06037603704",28.8395
"06037603801",19.0817
"06037603802",10.5693
"06037603900",10.9108
"06037604001",7.9391
"06037604002",9.6376
"06037604100",17.1186
"06037609900",4.1829
"06037620001",1.7672
"06037620002",4.5233
"06037620101",3.4624
"06037620102",4.4504
"06037620201",0.9198
"06037620301",1.7846
"06037620303",0.9551
"06037620305",1.6938
"06037620400",3.0688
"06037620501",3.0388
"06037620521",4.8379
"06037620522",3.125
"06037620601",7.8647
"06037620602",3.3101
"06037620701",2.4204
"06037620702",1.741
"06037620800",3.7481
"06037620901",1.149
"06037620904",1.4498
"06037621001",1.2806
"06037621002",0.6826
"06037621004",2.1073
"06037621102",1.6618
"06037621104",4.9227
"06037621201",1.1603
"06037621204",1.4512
"06037621301",2.9686
"06037621324",3.8235
"06037621326",8.0875
"06037621400",1.7886
"06037650001",7.8861
"06037650003",9.6502
"06037650004",8.3879
"06037650101",3.692
"06037650102",8.7291
"06037650200",3.4937
"06037650300",8.195
"06037650401",4.8632
"06037650501",0.9198
"06037650502",1.8575
"06037650602",8.4771
"06037650603",4.8064
"06037650604",4.5289
"06037650605",1.5992
"06037650701",0.6344
"06037650702",2.4731
"06037650800",4.0399
"06037650901",2.2736
"06037650902",4.8161
"06037651001",6.8699
"06037651002",6.0742
"06037651101",0.9713
"06037651102",3.3673
"06037651201",2.0128
"06037651221",6.5808
"06037651222",7.3541
"06037651302",2.7079
"06037651304",3.4007
"06037651401",2.7767
"06037651402",3.8647
"06037670001",7.3631
"06037670002",9.2413
"06037670003",6.8856
"06037670100",7.1396
"06037670201",3.0366
"06037670202",3.7163
"06037670324",1.1196
"06037670326",1.6607
"06037670328",2.4313
"06037670403",5.6714
"06037670405",3.6594
"06037670406",1.2507
"06037670407",2.6799
"06037670411",1.0101
"06037670413",2.4588
"06037670416",5.5482
"06037670500",2.1811
"06037670602",0.8035
"06037670701",1.1969
"06037670702",1.1329
"06037700101",7.3077
"06037700102",9.9595
"06037700200",8.115
"06037700300",6.4278
"06037700400",5.5986
"06037700501",5.1049
"06037700502",4.878
"06037700600",0.1593
"06037700700",1.0629
"06037700801",3.3472
"06037700802",4.8996
"06037700901",2.5
"06037700902",7.6986
"06037701000",4.1105
"06037701100",2.8017
"06037701201",1.0274
"06037701202",2.6915
"06037701302",4.9507
"06037701304",1.7708
"06037701402",3.858
"06037701501",1.2151
"06037701502",5.7124
"06037701601",3.2189
"06037701602",8.4387
"06037701701",5.9909
"06037701702",4.2188
"06037701801",9.5272
"06037701802",4.3488
"06037701902",1.5669
"06037702002",9.0486
"06037702102",5.5235
"06037702201",4.4282
"06037702202",4.1572
"06037702300",2.6141
"06037702400",3.9615
"06037702501",3.0614
"06037702502",0
"06037702600",2.0612
"06037702700",1.5138
"06037702801",7.4802
"06037702802",5.3286
"06037702803",15.6376
"06037702901",4.9026
"06037703001",4.075
"06037703002",2.2633
"06037703100",2.7657
"06037703200",1.3163
"06037800101",3.5378
"06037800102",0.8596
"06037800202",1.6653
"06037800203",1.6808
"06037800204",5.5172
"06037800324",5.2049
"06037800325",1.1195
"06037800326",4.3772
"06037800327",4.5478
"06037800328",9.1109
"06037800329",4.1709
"06037800330",1.3699
"06037800331",2.0862
"06037800332",0.4901
"06037800406",3.8563
"06037800408",5.7131
"06037800410",2.6792
"06037800504",5.4841
"06037800506",1.315
"06037900102",10.4816
"06037900103",13.5545
"06037900104",6.235
"06037900201",2.6572
"06037900300",3.3137
"06037900501",5.9654
"06037900504",5.2233
"06037900505",6.0012
"06037900506",3.6168
"06037900507",4.7593
"06037900508",4.6633
"06037900602",9.7438
"06037900605",3.3161
"06037900606",7.4064
"06037900607",2.5414
"06037900608",5.0508
"06037900609",7.6537
"06037900701",6.684
"06037900703",6.1354
"06037900704",7.401
"06037900705",12.0503
"06037900803",4.2344
"06037900804",6.2034
"06037900805",10.1561
"06037900806",5.6882
"06037900900",7.1926
"06037901004",3.3379
"06037901007",1.1939
"06037901008",7.4115
"06037901009",4.0275
"06037901010",3.6705
"06037901011",5.4008
"06037901101",4.3486
"06037901102",6.7828
"06037901205",4.3853
"06037901209",6.8543
"06037901210",3.9853
"06037901213",3.0689
"06037910001",5.6265
"06037910002",8.6883
"06037910101",12.453
"06037910201",3.2242
"06037910202",2.0093
"06037910205",4.1633
"06037910206",7.2129
"06037910207",5.5859
"06037910208",11.0628
"06037910209",4.4215
"06037910210",3.495
"06037910301",2.2974
"06037910302",2.8972
"06037910401",6.0539
"06037910402",11.3871
"06037910403",11.9842
"06037910404",10.1074
"06037910501",11.3645
"06037910502",7.8246
"06037910504",7.5693
"06037910505",8.9835
"06037910601",10.2129
"06037910602",5.7815
"06037910603",7.9567
"06037910605",7.72
"06037910606",11.727
"06037910705",9.0416
"06037910706",9.3795
"06037910707",8.4827
"06037910709",20.9416
"06037910711",6.3488
"06037910712",8.5744
"06037910713",7.5687
"06037910714",9.6382
"06037910715",11.034
"06037910716",8.8383
"06037910804",6.9501
"06037910805",4.5336
"06037910807",2.6463
"06037910808",3.5123
"06037910809",3.2367
"06037910810",7.272
"06037910811",0
"06037910812",6.6116
"06037910813",5.3721
"06037911001",12.8884
"06037920011",21.1111
"06037920012",13.5914
"06037920013",2.7739
"06037920015",1.657
"06037920016",2.4979
"06037920017",5.2913
"06037920018",6.0277
"06037920020",4.1275
"06037920023",7.8011
"06037920026",6.9948
"06037920028",2.3574
"06037920029",6.321
"06037920030",1.9261
"06037920031",5.4644
"06037920032",2.6888
"06037920033",13.8796
"06037920034",7.0712
"06037920035",14.3292
"06037920036",9.539
"06037920037",13.898
"06037920038",12.924
"06037920039",8.6499
"06037920040",5.6087
"06037920041",10.9113
"06037920042",8.3477
"06037920043",3.5624
"06037920044",4.2101
"06037920045",1.7749
"06037920102",5.9054
"06037920104",2.2844
"06037920106",13.1914
"06037920107",2.3352
"06037920108",1.0234
"06037920109",4.1257
"06037920110",1.4573
"06037920111",4.4923
"06037920112",4.3603
"06037920114",4.4185
"06037920115",2.5272
"06037920116",4.7175
"06037920118",0.9942
"06037920119",1.0132
"06037920303",9.0796
"06037920312",5.6021
"06037920313",6.7416
"06037920314",4.048
"06037920322",1.9271
"06037920326",3.9532
"06037920328",4.7151
"06037920329",3.5719
"06037920330",2.1848
"06037920331",4.2688
"06037920332",6.3167
"06037920334",2.9596
"06037920336",14.5084
"06037920337",12.6026
"06037920338",3.6771
"06037920339",5.6334
"06037930101",5.5556
"06037930200",4.5553
"06037930301",0.7313
"06037980008",0
"06037980009",0
"06037980010",0
"06037980014",0
"06037980015",15.1515
"06037980019",0
"06037980021",30.303
"06037980024",9.417
"06037980026",0
"06037980031",0
"06037980033",0
