"GEOID","ozone_ces3"
"06037204920",0.046
"06037206050",0.046
"06037205120",0.046
"06037291220",0.044
"06037239202",0.046
"06037226002",0.046
"06037535400",0.044
"06037243100",0.044
"06037543305",0.042
"06037204600",0.046
"06037227010",0.046
"06037206032",0.046
"06037226001",0.046
"06037239501",0.046
"06037203100",0.046
"06037530700",0.046
"06037301601",0.053
"06037185320",0.046
"06037543202",0.042
"06037531302",0.046
"06037402801",0.057
"06037532304",0.046
"06037205110",0.046
"06037570502",0.042
"06037291210",0.044
"06037219901",0.046
"06037534202",0.046
"06037540400",0.044
"06037242100",0.044
"06037203500",0.046
"06037302401",0.051
"06037204820",0.046
"06037532302",0.046
"06037229420",0.046
"06037541001",0.044
"06037534302",0.046
"06037239701",0.046
"06037570301",0.042
"06037128302",0.055
"06037242700",0.044
"06037533001",0.046
"06037121222",0.055
"06037532800",0.046
"06037239601",0.046
"06037575401",0.042
"06037534201",0.046
"06037122410",0.055
"06037239702",0.046
"06037572800",0.042
"06037228100",0.046
"06037292000",0.042
"06037434001",0.05
"06037122122",0.055
"06037242600",0.044
"06037228900",0.046
"06037433302",0.05
"06037402304",0.057
"06037122420",0.055
"06037536103",0.044
"06037199700",0.046
"06037219902",0.046
"06037206300",0.046
"06037123206",0.055
"06037540901",0.044
"06037532603",0.046
"06037239502",0.046
"06037553601",0.044
"06037402804",0.057
"06037534301",0.046
"06037206200",0.046
"06037432801",0.05
"06037601600",0.044
"06037229410",0.046
"06037601401",0.046
"06037239602",0.046
"06037127400",0.057
"06037302302",0.051
"06037228800",0.046
"06037533002",0.046
"06037543100",0.042
"06037575801",0.042
"06037532900",0.046
"06037291130",0.044
"06037553701",0.044
"06037535101",0.046
"06037535200",0.044
"06037203300",0.046
"06037404703",0.051
"06037242200",0.044
"06037535603",0.044
"06037570202",0.042
"06037541604",0.044
"06037535300",0.044
"06037123304",0.055
"06037536102",0.044
"06037237202",0.046
"06037542502",0.044
"06037127104",0.055
"06037433901",0.05
"06037302505",0.05
"06037188100",0.051
"06037240500",0.044
"06037602509",0.044
"06037239320",0.046
"06037542601",0.044
"06037122121",0.055
"06037219800",0.046
"06037541603",0.044
"06037402303",0.057
"06037433801",0.048
"06037601502",0.044
"06037121020",0.055
"06037572301",0.042
"06037204700",0.046
"06037535606",0.044
"06037239330",0.046
"06037122000",0.055
"06037534101",0.046
"06037602801",0.044
"06037532303",0.046
"06037123010",0.055
"06037296210",0.042
"06037124103",0.055
"06037104703",0.055
"06037239310",0.046
"06037575802",0.042
"06037541002",0.042
"06037229300",0.046
"06037602600",0.044
"06037570402",0.042
"06037224010",0.046
"06037294620",0.042
"06037294900",0.042
"06037294830",0.042
"06037541100",0.044
"06037533806",0.046
"06037542402",0.042
"06037208000",0.046
"06037229100",0.046
"06037301602",0.053
"06037533901",0.046
"06037541400",0.044
"06037534102",0.046
"06037573201",0.042
"06037531301",0.046
"06037553702",0.044
"06037536104",0.044
"06037535001",0.046
"06037543000",0.044
"06037404802",0.051
"06037542401",0.044
"06037199000",0.046
"06037187102",0.048
"06037553801",0.044
"06037232500",0.046
"06037404702",0.051
"06037241001",0.044
"06037402702",0.057
"06037240200",0.046
"06037530902",0.046
"06037602002",0.044
"06037433102",0.05
"06037550000",0.046
"06037540000",0.044
"06037220100",0.046
"06037540700",0.044
"06037404701",0.051
"06037531602",0.046
"06037204910",0.046
"06037543400",0.042
"06037239801",0.046
"06037553802",0.044
"06037530500",0.046
"06037408800",0.057
"06037297110",0.042
"06037530601",0.048
"06037541500",0.044
"06037572500",0.042
"06037104310",0.057
"06037241120",0.044
"06037242300",0.044
"06037122200",0.055
"06037543801",0.042
"06037231720",0.046
"06037191810",0.05
"06037502500",0.046
"06037542602",0.044
"06037530801",0.046
"06037227020",0.046
"06037533902",0.046
"06037530802",0.046
"06037534502",0.046
"06037294701",0.042
"06037534900",0.046
"06037195802",0.046
"06037534405",0.046
"06037104401",0.057
"06037570403",0.042
"06037402501",0.057
"06037570203",0.044
"06037123204",0.055
"06037229200",0.046
"06037127220",0.055
"06037542106",0.044
"06037123203",0.055
"06037192700",0.048
"06037239201",0.046
"06037532700",0.046
"06037232120",0.046
"06037571701",0.042
"06037218500",0.048
"06037541605",0.044
"06037204810",0.046
"06037531504",0.046
"06037502301",0.046
"06037224020",0.046
"06037535002",0.046
"06037228720",0.046
"06037541606",0.044
"06037503000",0.046
"06037536000",0.044
"06037208302",0.046
"06037603001",0.044
"06037602900",0.044
"06037541700",0.044
"06037219300",0.046
"06037190801",0.05
"06037206010",0.046
"06037104320",0.057
"06037408301",0.05
"06037190510",0.05
"06037402903",0.057
"06037128303",0.055
"06037402406",0.057
"06037533603",0.046
"06037243000",0.044
"06037228710",0.046
"06037433101",0.05
"06037603102",0.044
"06037533602",0.046
"06037502902",0.046
"06037542200",0.044
"06037502302",0.046
"06037240900",0.044
"06037294120",0.042
"06037241002",0.044
"06037241202",0.044
"06037123020",0.055
"06037120300",0.055
"06037207102",0.046
"06037535604",0.044
"06037533105",0.046
"06037120020",0.057
"06037402402",0.057
"06037532001",0.046
"06037405001",0.053
"06037533805",0.046
"06037534203",0.046
"06037534803",0.046
"06037532606",0.046
"06037533601",0.046
"06037123205",0.055
"06037209103",0.046
"06037291300",0.042
"06037121900",0.055
"06037540600",0.044
"06037186401",0.05
"06037533103",0.046
"06037432802",0.05
"06037191000",0.05
"06037226700",0.046
"06037226410",0.046
"06037226420",0.046
"06037533202",0.046
"06037240600",0.044
"06037123303",0.055
"06037540902",0.044
"06037541200",0.044
"06037402301",0.057
"06037241400",0.044
"06037603302",0.044
"06037127605",0.057
"06037432700",0.05
"06037433902",0.048
"06037553602",0.044
"06037218400",0.048
"06037433501",0.048
"06037228600",0.046
"06037570602",0.042
"06037543201",0.042
"06037531902",0.046
"06037232700",0.046
"06037291120",0.044
"06037531702",0.046
"06037542104",0.044
"06037121802",0.055
"06037434004",0.048
"06037185203",0.046
"06037532500",0.046
"06037407002",0.05
"06037239802",0.046
"06037228210",0.046
"06037575402",0.042
"06037231710",0.046
"06037405102",0.053
"06037203600",0.046
"06037570204",0.042
"06037104822",0.055
"06037124104",0.055
"06037302503",0.051
"06037408401",0.048
"06037310501",0.055
"06037237101",0.046
"06037204410",0.046
"06037534406",0.046
"06037237300",0.046
"06037207301",0.046
"06037531901",0.046
"06037192620",0.048
"06037199201",0.046
"06037433504",0.048
"06037531101",0.046
"06037602105",0.044
"06037572900",0.042
"06037208402",0.046
"06037132102",0.057
"06037402902",0.057
"06037127102",0.055
"06037532605",0.046
"06037232400",0.046
"06037408139",0.051
"06037187200",0.048
"06037209200",0.046
"06037302002",0.051
"06037535901",0.044
"06037575101",0.042
"06037228220",0.046
"06037536200",0.044
"06037121010",0.055
"06037221401",0.046
"06037601700",0.044
"06037204420",0.046
"06037123410",0.055
"06037294810",0.042
"06037433700",0.048
"06037552400",0.046
"06037121210",0.055
"06037302301",0.051
"06037540300",0.044
"06037404600",0.053
"06037602802",0.044
"06037533501",0.046
"06037575300",0.042
"06037190520",0.05
"06037242000",0.044
"06037296220",0.042
"06037602700",0.044
"06037294820",0.042
"06037531102",0.046
"06037228420",0.046
"06037127210",0.055
"06037531503",0.046
"06037195720",0.046
"06037603005",0.044
"06037201402",0.046
"06037190802",0.05
"06037540502",0.044
"06037570404",0.042
"06037236100",0.046
"06037407701",0.05
"06037531502",0.046
"06037433304",0.05
"06037291110",0.044
"06037434003",0.048
"06037206031",0.046
"06037533300",0.046
"06037240700",0.044
"06037199900",0.046
"06037535702",0.044
"06037575803",0.042
"06037123301",0.055
"06037302504",0.051
"06037533703",0.046
"06037209402",0.046
"06037502802",0.046
"06037228310",0.046
"06037296600",0.042
"06037231400",0.046
"06037402102",0.06
"06037570501",0.042
"06037402101",0.06
"06037311801",0.055
"06037195710",0.046
"06037433305",0.05
"06037603704",0.044
"06037602508",0.044
"06037534001",0.046
"06037241300",0.044
"06037573300",0.042
"06037121801",0.055
"06037232110",0.046
"06037570603",0.042
"06037302202",0.051
"06037404801",0.051
"06037551800",0.044
"06037224420",0.046
"06037535102",0.044
"06037502004",0.046
"06037231100",0.046
"06037197500",0.046
"06037533701",0.046
"06037576301",0.042
"06037218210",0.048
"06037204200",0.046
"06037237201",0.046
"06037530602",0.048
"06037502100",0.046
"06037533402",0.046
"06037405101",0.053
"06037301502",0.055
"06037219010",0.046
"06037576302",0.042
"06037552302",0.046
"06037542000",0.044
"06037207103",0.046
"06037231500",0.046
"06037575901",0.042
"06037190901",0.05
"06037121101",0.055
"06037191620",0.048
"06037124204",0.053
"06037228500",0.046
"06037533702",0.046
"06037231600",0.046
"06037201700",0.048
"06037211122",0.048
"06037407200",0.05
"06037543306",0.042
"06037211320",0.048
"06037218300",0.048
"06037301701",0.053
"06037600502",0.044
"06037531000",0.046
"06037296500",0.042
"06037432601",0.05
"06037534501",0.046
"06037540203",0.044
"06037533403",0.046
"06037199400",0.046
"06037433200",0.05
"06037542900",0.044
"06037402405",0.057
"06037541300",0.044
"06037573003",0.042
"06037228410",0.046
"06037535607",0.044
"06037191720",0.05
"06037186403",0.048
"06037132101",0.057
"06037540501",0.044
"06037240800",0.044
"06037222002",0.046
"06037204300",0.046
"06037209102",0.046
"06037124201",0.055
"06037301702",0.051
"06037191201",0.05
"06037199800",0.046
"06037240010",0.044
"06037533804",0.046
"06037543903",0.042
"06037433306",0.05
"06037602103",0.044
"06037197700",0.046
"06037553902",0.044
"06037310703",0.055
"06037240020",0.044
"06037502700",0.046
"06037219020",0.046
"06037125320",0.053
"06037602104",0.044
"06037540102",0.044
"06037573202",0.042
"06037575201",0.042
"06037554301",0.044
"06037231900",0.046
"06037532604",0.046
"06037127920",0.055
"06037553504",0.044
"06037533201",0.046
"06037127103",0.055
"06037502200",0.046
"06037120030",0.055
"06037240402",0.044
"06037224600",0.046
"06037575902",0.042
"06037191120",0.05
"06037125310",0.053
"06037542103",0.044
"06037240300",0.046
"06037218120",0.048
"06037220000",0.046
"06037482402",0.048
"06037104810",0.055
"06037201501",0.048
"06037224200",0.046
"06037228320",0.046
"06037573002",0.042
"06037294610",0.042
"06037311802",0.055
"06037402904",0.057
"06037128400",0.055
"06037531701",0.046
"06037542105",0.044
"06037408501",0.05
"06037600303",0.044
"06037210010",0.046
"06037232800",0.046
"06037601501",0.044
"06037122120",0.055
"06037192610",0.048
"06037433401",0.048
"06037600304",0.044
"06037601402",0.046
"06037575102",0.042
"06037191500",0.048
"06037123103",0.055
"06037405201",0.053
"06037232200",0.046
"06037408630",0.05
"06037123510",0.055
"06037553502",0.044
"06037530101",0.046
"06037532002",0.046
"06037221810",0.046
"06037601211",0.046
"06037123420",0.055
"06037433601",0.048
"06037203200",0.046
"06037104404",0.057
"06037185310",0.046
"06037218900",0.046
"06037542800",0.044
"06037207302",0.046
"06037237402",0.046
"06037501400",0.046
"06037502601",0.046
"06037432500",0.051
"06037573100",0.042
"06037238320",0.046
"06037576401",0.042
"06037407801",0.051
"06037543905",0.042
"06037543501",0.042
"06037238310",0.046
"06037534804",0.044
"06037501803",0.046
"06037540800",0.044
"06037570100",0.042
"06037208301",0.046
"06037531604",0.046
"06037191710",0.048
"06037533803",0.046
"06037576402",0.042
"06037552602",0.046
"06037213310",0.048
"06037570304",0.042
"06037551101",0.044
"06037432202",0.05
"06037236202",0.046
"06037404901",0.051
"06037237500",0.046
"06037232600",0.046
"06037573004",0.042
"06037402600",0.057
"06037433307",0.05
"06037104704",0.055
"06037224410",0.046
"06037128210",0.055
"06037533203",0.046
"06037191610",0.048
"06037405202",0.051
"06037433402",0.05
"06037234901",0.046
"06037533503",0.046
"06037554403",0.044
"06037219700",0.046
"06037237710",0.046
"06037209300",0.046
"06037572600",0.042
"06037127803",0.055
"06037603702",0.044
"06037530301",0.046
"06037552301",0.046
"06037109500",0.057
"06037603200",0.042
"06037104701",0.057
"06037232300",0.046
"06037500403",0.046
"06037224700",0.046
"06037208801",0.046
"06037208502",0.046
"06037433802",0.046
"06037433602",0.048
"06037552100",0.046
"06037104821",0.055
"06037405002",0.053
"06037213202",0.048
"06037576200",0.042
"06037221500",0.046
"06037402502",0.057
"06037534404",0.046
"06037236203",0.046
"06037191820",0.048
"06037408140",0.051
"06037553901",0.044
"06037552200",0.046
"06037535501",0.044
"06037231220",0.046
"06037543802",0.042
"06037237401",0.046
"06037572700",0.042
"06037407302",0.051
"06037121221",0.055
"06037221302",0.046
"06037120400",0.055
"06037302201",0.051
"06037408202",0.05
"06037234700",0.046
"06037533502",0.046
"06037530302",0.046
"06037191410",0.048
"06037121600",0.055
"06037603400",0.044
"06037504101",0.046
"06037551900",0.044
"06037213401",0.046
"06037603900",0.044
"06037238000",0.046
"06037532200",0.046
"06037241110",0.044
"06037195804",0.046
"06037221304",0.048
"06037532101",0.046
"06037237600",0.046
"06037601302",0.046
"06037294421",0.042
"06037104610",0.055
"06037481500",0.05
"06037190401",0.05
"06037218702",0.046
"06037406702",0.053
"06037208903",0.046
"06037294510",0.042
"06037222600",0.046
"06037127804",0.055
"06037270300",0.046
"06037128601",0.055
"06037500402",0.046
"06037542700",0.044
"06037127910",0.055
"06037203720",0.046
"06037221601",0.046
"06037221820",0.046
"06037530400",0.046
"06037602403",0.044
"06037119001",0.055
"06037213320",0.046
"06037297120",0.042
"06037231300",0.046
"06037190700",0.05
"06037576901",0.042
"06037123901",0.055
"06037241201",0.044
"06037602505",0.044
"06037404402",0.053
"06037530004",0.046
"06037551102",0.044
"06037218800",0.046
"06037430101",0.053
"06037542501",0.044
"06037216900",0.048
"06037535605",0.044
"06037404401",0.055
"06037231800",0.046
"06037550300",0.046
"06037980010",0.046
"06037190902",0.05
"06037209401",0.046
"06037127711",0.057
"06037231210",0.046
"06037132002",0.06
"06037234300",0.046
"06037407102",0.05
"06037433403",0.05
"06037544001",0.042
"06037554302",0.044
"06037310601",0.055
"06037531201",0.046
"06037191301",0.048
"06037133000",0.06
"06037270100",0.046
"06037501001",0.046
"06037403000",0.057
"06037238200",0.046
"06037208720",0.046
"06037600100",0.046
"06037191420",0.048
"06037570303",0.042
"06037302104",0.051
"06037502401",0.046
"06037433503",0.048
"06037237720",0.046
"06037221110",0.046
"06037234501",0.046
"06037432901",0.05
"06037121102",0.055
"06037701801",0.046
"06037197420",0.046
"06037555001",0.044
"06037553200",0.044
"06037602003",0.044
"06037407802",0.051
"06037402706",0.06
"06037533401",0.046
"06037502602",0.046
"06037234902",0.046
"06037575202",0.042
"06037294302",0.042
"06037217200",0.048
"06037211202",0.048
"06037320300",0.057
"06037500600",0.046
"06037186404",0.048
"06037236204",0.046
"06037208802",0.046
"06037302103",0.051
"06037189201",0.05
"06037572302",0.042
"06037601002",0.046
"06037123104",0.055
"06037408138",0.051
"06037501504",0.046
"06037235202",0.046
"06037222001",0.046
"06037500404",0.046
"06037533107",0.046
"06037197300",0.046
"06037199202",0.046
"06037301802",0.051
"06037120010",0.057
"06037601900",0.044
"06037501804",0.046
"06037570601",0.042
"06037224320",0.046
"06037204120",0.046
"06037554002",0.044
"06037127606",0.057
"06037104403",0.057
"06037240401",0.044
"06037104103",0.055
"06037554203",0.044
"06037572100",0.042
"06037402403",0.057
"06037407602",0.051
"06037602004",0.044
"06037600902",0.046
"06037211310",0.048
"06037550100",0.046
"06037213201",0.048
"06037237102",0.046
"06037432201",0.05
"06037601100",0.046
"06037234600",0.046
"06037218600",0.048
"06037554204",0.044
"06037601801",0.044
"06037119340",0.057
"06037106648",0.057
"06037600400",0.044
"06037127806",0.055
"06037195600",0.046
"06037534002",0.046
"06037209520",0.046
"06037269700",0.046
"06037543322",0.042
"06037602507",0.044
"06037552601",0.044
"06037203900",0.046
"06037407001",0.051
"06037190100",0.05
"06037575103",0.042
"06037541802",0.044
"06037269601",0.046
"06037221710",0.046
"06037191110",0.05
"06037222500",0.046
"06037294410",0.042
"06037554105",0.044
"06037407702",0.05
"06037535902",0.044
"06037235201",0.046
"06037601802",0.044
"06037551700",0.044
"06037296901",0.042
"06037550800",0.046
"06037500500",0.046
"06037115403",0.06
"06037128220",0.055
"06037139303",0.06
"06037209810",0.046
"06037572201",0.042
"06037209104",0.046
"06037208902",0.046
"06037405203",0.053
"06037208401",0.046
"06037131701",0.06
"06037131010",0.06
"06037234800",0.046
"06037221602",0.046
"06037106510",0.062
"06037124203",0.053
"06037104108",0.055
"06037530901",0.046
"06037127805",0.055
"06037190201",0.05
"06037553100",0.044
"06037185202",0.046
"06037531800",0.046
"06037301801",0.051
"06037555211",0.044
"06037117405",0.057
"06037106604",0.06
"06037533104",0.046
"06037134520",0.057
"06037600302",0.044
"06037531202",0.046
"06037554101",0.044
"06037540101",0.044
"06037293202",0.042
"06037208610",0.046
"06037530203",0.046
"06037191901",0.05
"06037554405",0.044
"06037197600",0.046
"06037533106",0.046
"06037119002",0.055
"06037555102",0.044
"06037603500",0.044
"06037534403",0.046
"06037576001",0.042
"06037128102",0.055
"06037294520",0.042
"06037543502",0.042
"06037132700",0.06
"06037191203",0.048
"06037461600",0.051
"06037573402",0.042
"06037117303",0.057
"06037601212",0.046
"06037554404",0.044
"06037302506",0.05
"06037191204",0.048
"06037408302",0.048
"06037222200",0.046
"06037221900",0.046
"06037186301",0.05
"06037192520",0.048
"06037192510",0.048
"06037552900",0.044
"06037404902",0.051
"06037601303",0.046
"06037554001",0.044
"06037134720",0.057
"06037602506",0.044
"06037297201",0.042
"06037212203",0.048
"06037221220",0.046
"06037120108",0.057
"06037120103",0.057
"06037208620",0.046
"06037576403",0.042
"06037407900",0.051
"06037124105",0.055
"06037503104",0.046
"06037117404",0.057
"06037551401",0.044
"06037134904",0.057
"06037602504",0.044
"06037603004",0.044
"06037209403",0.046
"06037127520",0.057
"06037535503",0.044
"06037221120",0.046
"06037406800",0.051
"06037402803",0.057
"06037212800",0.048
"06037237800",0.046
"06037238100",0.046
"06037120104",0.057
"06037237900",0.046
"06037530005",0.048
"06037481604",0.05
"06037604100",0.044
"06037211201",0.048
"06037224310",0.046
"06037550201",0.046
"06037277200",0.046
"06037120106",0.057
"06037221303",0.046
"06037432602",0.051
"06037405302",0.053
"06037481603",0.05
"06037404201",0.055
"06037535803",0.044
"06037302003",0.051
"06037500700",0.046
"06037603802",0.044
"06037541801",0.044
"06037602200",0.044
"06037402200",0.057
"06037554104",0.044
"06037530102",0.046
"06037189101",0.05
"06037134521",0.057
"06037406200",0.055
"06037201601",0.048
"06037127604",0.057
"06037293307",0.042
"06037212900",0.048
"06037120105",0.057
"06037554600",0.044
"06037552700",0.046
"06037294301",0.042
"06037195803",0.046
"06037238400",0.046
"06037501002",0.046
"06037404803",0.051
"06037119320",0.057
"06037234000",0.046
"06037534802",0.046
"06037530006",0.046
"06037530204",0.046
"06037134800",0.057
"06037115302",0.06
"06037104203",0.057
"06037134001",0.057
"06037500300",0.046
"06037127300",0.057
"06037552002",0.046
"06037187101",0.05
"06037408623",0.05
"06037127603",0.057
"06037432401",0.051
"06037302102",0.051
"06037531603",0.046
"06037212701",0.048
"06037482401",0.048
"06037213100",0.048
"06037134710",0.057
"06037213402",0.046
"06037123800",0.055
"06037601202",0.046
"06037133100",0.06
"06037134305",0.057
"06037234200",0.046
"06037277400",0.046
"06037195903",0.048
"06037408133",0.051
"06037554801",0.044
"06037211420",0.048
"06037294200",0.042
"06037900300",0.062
"06037191302",0.048
"06037543321",0.042
"06037540202",0.044
"06037432402",0.05
"06037222100",0.046
"06037571703",0.042
"06037576903",0.042
"06037221210",0.046
"06037320201",0.057
"06037503105",0.046
"06037209820",0.046
"06037294110",0.042
"06037481401",0.05
"06037431100",0.053
"06037502003",0.046
"06037310800",0.055
"06037104204",0.057
"06037544002",0.042
"06037134522",0.057
"06037113422",0.057
"06037106520",0.06
"06037407601",0.051
"06037296902",0.042
"06037212304",0.048
"06037143200",0.053
"06037543702",0.042
"06037408631",0.048
"06037603703",0.044
"06037301900",0.051
"06037530003",0.046
"06037601001",0.046
"06037115404",0.06
"06037131020",0.06
"06037404301",0.055
"06037199120",0.046
"06037197200",0.046
"06037550202",0.046
"06037503902",0.046
"06037117408",0.057
"06037432300",0.05
"06037481103",0.051
"06037219500",0.046
"06037650901",0.042
"06037553000",0.044
"06037543604",0.042
"06037302004",0.051
"06037310701",0.055
"06037117520",0.057
"06037222700",0.046
"06037535804",0.044
"06037602106",0.044
"06037700102",0.05
"06037207502",0.046
"06037600602",0.044
"06037502402",0.046
"06037408004",0.051
"06037190202",0.05
"06037301206",0.053
"06037603801",0.044
"06037188202",0.05
"06037910101",0.062
"06037500900",0.046
"06037407501",0.051
"06037602301",0.044
"06037554521",0.044
"06037104620",0.055
"06037408303",0.048
"06037270200",0.046
"06037212204",0.046
"06037573401",0.042
"06037188300",0.05
"06037192420",0.048
"06037124300",0.053
"06037139302",0.057
"06037113321",0.057
"06037131800",0.06
"06037554511",0.046
"06037404903",0.051
"06037482303",0.048
"06037406701",0.051
"06037119342",0.057
"06037203710",0.046
"06037535701",0.044
"06037212202",0.048
"06037600912",0.046
"06037183620",0.05
"06037119700",0.055
"06037131100",0.06
"06037600501",0.044
"06037600201",0.044
"06037117201",0.057
"06037221402",0.046
"06037481606",0.048
"06037408006",0.053
"06037132300",0.06
"06037535502",0.044
"06037920023",0.065
"06037104500",0.057
"06037481001",0.05
"06037106112",0.057
"06037604001",0.044
"06037115104",0.057
"06037217100",0.048
"06037407502",0.051
"06037104201",0.057
"06037236400",0.046
"06037190301",0.05
"06037310702",0.055
"06037501200",0.046
"06037550601",0.046
"06037552800",0.044
"06037131300",0.06
"06037183820",0.048
"06037211410",0.048
"06037134104",0.057
"06037430102",0.053
"06037201602",0.048
"06037212303",0.048
"06037125200",0.053
"06037482304",0.048
"06037600202",0.044
"06037135114",0.057
"06037480304",0.05
"06037218701",0.048
"06037117407",0.057
"06037320202",0.057
"06037186302",0.048
"06037301204",0.053
"06037402703",0.06
"06037603101",0.044
"06037481402",0.05
"06037600802",0.046
"06037124102",0.053
"06037572202",0.042
"06037120107",0.057
"06037576502",0.042
"06037132001",0.06
"06037482502",0.048
"06037216700",0.048
"06037125501",0.053
"06037482301",0.05
"06037267300",0.046
"06037183610",0.05
"06037577000",0.042
"06037115401",0.06
"06037576501",0.042
"06037293201",0.042
"06037234502",0.046
"06037106114",0.057
"06037201504",0.048
"06037543304",0.042
"06037123602",0.055
"06037139504",0.057
"06037209510",0.046
"06037211922",0.048
"06037553503",0.044
"06037400602",0.055
"06037503106",0.046
"06037402001",0.06
"06037131400",0.06
"06037117530",0.057
"06037208904",0.046
"06037503202",0.046
"06037403318",0.057
"06037406902",0.051
"06037482503",0.048
"06037134002",0.057
"06037602402",0.044
"06037576904",0.042
"06037481002",0.05
"06037128101",0.055
"06037127712",0.057
"06037104105",0.055
"06037543603",0.042
"06037211703",0.048
"06037183220",0.05
"06037503103",0.046
"06037550901",0.046
"06037123520",0.055
"06037218220",0.048
"06037119202",0.057
"06037554201",0.044
"06037482800",0.048
"06037117510",0.057
"06037408402",0.048
"06037481202",0.05
"06037275603",0.046
"06037207101",0.046
"06037402705",0.057
"06037104124",0.055
"06037201301",0.048
"06037502801",0.046
"06037128910",0.053
"06037401704",0.06
"06037551202",0.044
"06037113401",0.06
"06037401603",0.06
"06037535802",0.044
"06037408211",0.05
"06037603301",0.044
"06037555103",0.044
"06037552001",0.046
"06037480902",0.05
"06037430002",0.053
"06037900102",0.065
"06037406411",0.055
"06037555002",0.044
"06037404501",0.053
"06037530202",0.046
"06037534700",0.046
"06037571600",0.042
"06037139401",0.057
"06037554900",0.044
"06037139301",0.057
"06037431200",0.053
"06037603600",0.044
"06037482600",0.048
"06037480903",0.048
"06037576601",0.042
"06037119900",0.055
"06037571704",0.042
"06037123700",0.055
"06037113234",0.057
"06037235100",0.046
"06037602404",0.044
"06037540201",0.044
"06037407301",0.051
"06037207900",0.046
"06037293304",0.042
"06037600702",0.046
"06037572400",0.042
"06037113421",0.057
"06037310400",0.055
"06037900701",0.062
"06037119400",0.057
"06037432902",0.05
"06037195901",0.048
"06037211120",0.046
"06037132502",0.06
"06037106649",0.057
"06037115202",0.06
"06037208501",0.046
"06037701701",0.046
"06037502901",0.046
"06037132900",0.06
"06037212305",0.048
"06037211804",0.048
"06037702803",0.046
"06037406602",0.053
"06037480803",0.05
"06037131702",0.06
"06037189102",0.05
"06037134101",0.057
"06037199300",0.048
"06037201503",0.048
"06037107020",0.06
"06037407400",0.051
"06037551000",0.046
"06037189902",0.05
"06037900806",0.062
"06037702600",0.046
"06037117202",0.057
"06037201200",0.048
"06037501300",0.046
"06037910403",0.062
"06037212410",0.048
"06037134103",0.057
"06037218110",0.048
"06037134303",0.057
"06037212610",0.048
"06037311100",0.055
"06037481201",0.05
"06037404202",0.055
"06037141302",0.053
"06037407101",0.05
"06037551300",0.044
"06037532102",0.046
"06037211910",0.048
"06037554522",0.044
"06037462002",0.051
"06037132501",0.06
"06037701802",0.046
"06037212420",0.048
"06037183810",0.048
"06037701702",0.046
"06037265201",0.046
"06037551402",0.044
"06037134903",0.057
"06037600601",0.044
"06037920106",0.057
"06037107010",0.06
"06037600801",0.046
"06037187300",0.048
"06037554700",0.044
"06037212306",0.048
"06037115301",0.06
"06037301501",0.055
"06037701902",0.046
"06037408135",0.051
"06037700101",0.05
"06037201110",0.048
"06037482101",0.048
"06037482521",0.048
"06037406901",0.051
"06037405301",0.053
"06037670003",0.042
"06037211921",0.048
"06037236000",0.046
"06037271200",0.046
"06037910402",0.062
"06037201401",0.046
"06037183520",0.048
"06037543701",0.042
"06037550700",0.046
"06037900602",0.062
"06037577602",0.042
"06037650101",0.044
"06037216200",0.048
"06037275500",0.046
"06037125600",0.053
"06037297202",0.042
"06037500800",0.046
"06037211500",0.048
"06037482202",0.048
"06037431001",0.053
"06037703200",0.046
"06037207710",0.046
"06037462201",0.053
"06037102107",0.055
"06037109603",0.057
"06037600911",0.046
"06037269602",0.046
"06037103200",0.055
"06037212102",0.048
"06037201120",0.05
"06037481300",0.05
"06037320100",0.057
"06037134901",0.06
"06037920312",0.065
"06037203800",0.046
"06037650200",0.044
"06037134304",0.057
"06037117302",0.057
"06037131600",0.06
"06037124903",0.053
"06037430901",0.053
"06037703100",0.046
"06037125100",0.053
"06037604002",0.044
"06037113233",0.057
"06037460900",0.051
"06037106405",0.06
"06037551501",0.044
"06037603006",0.044
"06037480901",0.05
"06037543703",0.042
"06037293306",0.042
"06037211802",0.048
"06037269905",0.046
"06037199110",0.046
"06037195300",0.048
"06037408134",0.051
"06037311500",0.055
"06037401901",0.06
"06037431400",0.051
"06037191902",0.048
"06037269907",0.046
"06037183300",0.05
"06037550500",0.046
"06037405702",0.053
"06037702400",0.046
"06037297601",0.042
"06037119800",0.055
"06037183103",0.05
"06037124902",0.053
"06037400302",0.06
"06037432102",0.05
"06037482001",0.048
"06037650003",0.044
"06037408504",0.048
"06037461502",0.051
"06037267403",0.046
"06037212620",0.048
"06037543602",0.042
"06037275200",0.046
"06037431501",0.051
"06037109300",0.057
"06037401703",0.06
"06037650902",0.042
"06037551502",0.044
"06037543503",0.042
"06037204110",0.046
"06037703001",0.046
"06037208710",0.046
"06037267700",0.046
"06037650300",0.044
"06037480303",0.05
"06037481712",0.048
"06037192001",0.048
"06037404503",0.053
"06037211803",0.048
"06037481901",0.048
"06037406102",0.055
"06037482522",0.048
"06037106407",0.06
"06037555212",0.044
"06037482702",0.048
"06037183101",0.05
"06037128801",0.055
"06037275102",0.046
"06037600704",0.046
"06037125402",0.053
"06037106646",0.06
"06037403312",0.055
"06037650001",0.044
"06037190402",0.05
"06037570701",0.042
"06037267501",0.046
"06037207501",0.046
"06037402002",0.06
"06037106010",0.06
"06037554512",0.046
"06037125401",0.053
"06037408003",0.053
"06037109601",0.057
"06037102104",0.055
"06037403722",0.055
"06037189904",0.05
"06037269800",0.046
"06037408505",0.048
"06037113301",0.06
"06037572002",0.042
"06037311400",0.053
"06037214800",0.048
"06037602302",0.044
"06037311600",0.053
"06037702801",0.046
"06037408137",0.051
"06037106406",0.06
"06037900504",0.062
"06037185100",0.048
"06037554103",0.044
"06037430902",0.053
"06037183701",0.05
"06037910501",0.062
"06037432101",0.05
"06037271801",0.046
"06037482701",0.048
"06037185204",0.048
"06037183702",0.05
"06037310202",0.055
"06037900804",0.062
"06037404302",0.055
"06037273200",0.046
"06037310602",0.055
"06037573403",0.042
"06037408141",0.051
"06037217002",0.048
"06037311700",0.055
"06037277100",0.046
"06037920017",0.065
"06037504002",0.046
"06037553400",0.044
"06037481605",0.048
"06037482002",0.048
"06037481102",0.051
"06037405500",0.053
"06037269906",0.046
"06037406500",0.053
"06037401500",0.06
"06037503501",0.046
"06037404504",0.055
"06037702802",0.046
"06037181000",0.051
"06037461901",0.051
"06037265510",0.046
"06037106408",0.06
"06037403323",0.053
"06037293302",0.042
"06037461000",0.051
"06037106113",0.057
"06037214902",0.048
"06037189202",0.05
"06037920337",0.065
"06037212101",0.048
"06037920029",0.065
"06037109100",0.057
"06037103300",0.055
"06037134201",0.057
"06037275302",0.046
"06037186100",0.05
"06037211121",0.046
"06037405701",0.053
"06037900705",0.062
"06037216402",0.048
"06037920336",0.065
"06037109400",0.057
"06037212501",0.048
"06037115103",0.06
"06037480802",0.05
"06037462302",0.053
"06037503201",0.046
"06037900703",0.062
"06037550400",0.046
"06037102105",0.055
"06037139402",0.057
"06037117101",0.057
"06037404100",0.055
"06037543601",0.042
"06037124500",0.053
"06037554406",0.044
"06037269903",0.046
"06037189905",0.05
"06037101210",0.053
"06037124400",0.053
"06037403317",0.057
"06037480804",0.05
"06037301203",0.053
"06037267600",0.046
"06037123601",0.055
"06037403902",0.057
"06037400603",0.055
"06037276100",0.046
"06037480302",0.051
"06037481711",0.048
"06037406412",0.055
"06037310900",0.055
"06037106403",0.06
"06037131900",0.06
"06037401311",0.06
"06037463102",0.051
"06037900507",0.062
"06037311000",0.055
"06037197410",0.046
"06037408005",0.053
"06037651001",0.042
"06037555104",0.044
"06037117102",0.057
"06037553300",0.044
"06037405400",0.053
"06037650605",0.044
"06037111400",0.057
"06037135102",0.057
"06037403801",0.057
"06037106603",0.062
"06037206020",0.046
"06037403600",0.057
"06037920030",0.065
"06037271901",0.046
"06037111201",0.06
"06037400304",0.06
"06037900606",0.062
"06037141303",0.053
"06037195902",0.048
"06037109700",0.057
"06037910201",0.062
"06037272301",0.046
"06037125502",0.053
"06037405800",0.053
"06037501802",0.046
"06037601301",0.046
"06037119341",0.057
"06037192410",0.048
"06037143604",0.053
"06037900501",0.062
"06037576801",0.042
"06037501503",0.046
"06037297602",0.042
"06037216401",0.048
"06037900607",0.062
"06037406601",0.053
"06037269904",0.046
"06037141304",0.053
"06037431900",0.051
"06037106642",0.06
"06037111302",0.06
"06037134306",0.057
"06037920034",0.062
"06037401800",0.06
"06037139503",0.057
"06037300902",0.051
"06037272202",0.046
"06037183401",0.05
"06037554517",0.044
"06037211704",0.048
"06037701602",0.046
"06037119201",0.057
"06037137201",0.057
"06037102103",0.055
"06037101220",0.053
"06037128802",0.053
"06037194500",0.048
"06037183222",0.05
"06037401312",0.06
"06037462001",0.051
"06037189600",0.051
"06037550602",0.046
"06037408624",0.048
"06037183402",0.05
"06037482201",0.048
"06037900104",0.065
"06037570702",0.042
"06037481902",0.048
"06037134302",0.057
"06037406402",0.053
"06037101400",0.053
"06037296300",0.042
"06037212702",0.048
"06037550902",0.046
"06037401202",0.06
"06037551201",0.044
"06037480101",0.051
"06037920036",0.065
"06037700400",0.048
"06037195100",0.048
"06037109800",0.057
"06037482102",0.048
"06037111100",0.06
"06037650004",0.044
"06037106020",0.06
"06037111202",0.06
"06037501900",0.046
"06037183510",0.048
"06037910401",0.062
"06037401701",0.06
"06037109604",0.057
"06037137104",0.057
"06037311200",0.055
"06037920038",0.062
"06037930200",0.055
"06037128500",0.053
"06037900805",0.062
"06037404000",0.055
"06037181300",0.05
"06037111301",0.06
"06037111205",0.06
"06037217001",0.048
"06037406000",0.055
"06037406300",0.055
"06037554802",0.044
"06037137501",0.057
"06037195400",0.048
"06037481714",0.048
"06037195500",0.046
"06037463200",0.053
"06037301000",0.051
"06037403401",0.053
"06037267502",0.046
"06037403402",0.053
"06037650602",0.044
"06037670100",0.042
"06037300400",0.053
"06037920035",0.062
"06037502005",0.046
"06037462100",0.051
"06037554516",0.044
"06037670001",0.042
"06037301205",0.053
"06037480102",0.051
"06037271802",0.046
"06037900605",0.062
"06037408704",0.05
"06037183221",0.05
"06037481101",0.051
"06037181600",0.05
"06037189800",0.05
"06037267200",0.046
"06037431502",0.051
"06037910502",0.062
"06037461902",0.051
"06037572001",0.042
"06037195201",0.05
"06037651102",0.042
"06037401601",0.06
"06037310201",0.055
"06037128702",0.053
"06037461300",0.051
"06037400604",0.057
"06037408212",0.051
"06037503302",0.046
"06037106645",0.06
"06037408136",0.053
"06037910504",0.062
"06037401101",0.06
"06037119310",0.057
"06037141201",0.053
"06037403316",0.057
"06037189903",0.05
"06037463101",0.051
"06037297500",0.042
"06037462800",0.053
"06037214503",0.048
"06037113102",0.06
"06037405600",0.053
"06037141202",0.053
"06037189500",0.051
"06037137402",0.055
"06037181400",0.05
"06037600703",0.046
"06037920313",0.065
"06037621204",0.044
"06037139001",0.057
"06037800327",0.053
"06037702201",0.046
"06037900704",0.062
"06037113303",0.057
"06037124000",0.053
"06037143602",0.051
"06037113232",0.057
"06037503802",0.046
"06037124600",0.053
"06037700502",0.05
"06037920328",0.065
"06037137103",0.057
"06037575002",0.042
"06037609900",0.042
"06037183104",0.05
"06037143800",0.051
"06037910404",0.062
"06037400800",0.055
"06037272302",0.046
"06037401201",0.06
"06037702002",0.046
"06037571504",0.042
"06037910706",0.062
"06037920115",0.065
"06037920037",0.062
"06037920102",0.062
"06037920043",0.062
"06037212502",0.048
"06037106111",0.057
"06037501600",0.048
"06037460302",0.051
"06037275101",0.046
"06037461501",0.051
"06037278001",0.046
"06037405900",0.055
"06037700200",0.05
"06037113213",0.057
"06037575001",0.042
"06037403901",0.057
"06037503401",0.046
"06037571900",0.042
"06037186202",0.05
"06037189300",0.05
"06037214901",0.048
"06037503502",0.046
"06037128602",0.053
"06037109200",0.057
"06037461100",0.051
"06037265304",0.046
"06037403721",0.055
"06037113237",0.057
"06037570902",0.044
"06037406101",0.055
"06037267404",0.046
"06037403408",0.053
"06037408628",0.048
"06037403802",0.06
"06037462202",0.053
"06037276000",0.046
"06037462301",0.053
"06037702901",0.046
"06037403702",0.057
"06037554519",0.044
"06037408625",0.048
"06037462700",0.053
"06037300800",0.051
"06037216800",0.048
"06037141101",0.053
"06037501700",0.046
"06037650401",0.042
"06037192300",0.048
"06037113322",0.057
"06037900201",0.062
"06037311300",0.055
"06037702700",0.046
"06037403404",0.055
"06037101110",0.055
"06037273902",0.046
"06037571502",0.042
"06037481713",0.048
"06037201302",0.048
"06037700801",0.048
"06037267901",0.046
"06037900505",0.062
"06037103102",0.055
"06037276500",0.046
"06037123902",0.053
"06037214502",0.048
"06037503701",0.046
"06037214501",0.048
"06037135113",0.057
"06037702300",0.046
"06037480400",0.051
"06037275400",0.046
"06037301100",0.051
"06037554515",0.044
"06037570003",0.044
"06037273300",0.046
"06037139200",0.06
"06037900900",0.062
"06037900803",0.062
"06037910002",0.062
"06037555202",0.044
"06037143100",0.053
"06037408724",0.05
"06037401602",0.06
"06037651002",0.042
"06037273502",0.046
"06037115201",0.06
"06037403500",0.055
"06037186203",0.048
"06037272201",0.046
"06037651221",0.042
"06037620002",0.044
"06037463602",0.051
"06037273800",0.046
"06037135111",0.057
"06037141102",0.053
"06037503901",0.046
"06037702502",0.046
"06037701502",0.046
"06037800328",0.053
"06037271701",0.046
"06037920112",0.065
"06037670002",0.042
"06037503402",0.046
"06037401304",0.057
"06037461400",0.051
"06037461700",0.051
"06037574902",0.042
"06037300502",0.053
"06037295103",0.042
"06037900608",0.062
"06037134423",0.057
"06037920040",0.062
"06037576602",0.042
"06037188201",0.05
"06037113101",0.057
"06037117301",0.057
"06037702501",0.046
"06037503301",0.046
"06037800204",0.055
"06037574202",0.042
"06037503702",0.046
"06037432000",0.051
"06037900506",0.062
"06037430724",0.051
"06037403406",0.055
"06037400403",0.06
"06037275311",0.046
"06037920042",0.065
"06037273100",0.046
"06037267800",0.046
"06037296402",0.042
"06037431002",0.053
"06037920332",0.065
"06037265700",0.046
"06037113212",0.057
"06037570800",0.042
"06037111206",0.06
"06037701000",0.046
"06037910202",0.062
"06037650603",0.044
"06037274100",0.046
"06037403303",0.053
"06037403319",0.055
"06037700501",0.048
"06037650102",0.044
"06037403322",0.053
"06037103400",0.055
"06037571400",0.042
"06037401203",0.057
"06037910208",0.062
"06037143300",0.053
"06037401102",0.057
"06037430801",0.051
"06037113231",0.055
"06037463700",0.051
"06037462900",0.051
"06037700902",0.048
"06037186201",0.05
"06037278102",0.046
"06037910712",0.062
"06037910601",0.062
"06037134422",0.057
"06037504001",0.046
"06037265305",0.046
"06037570901",0.044
"06037576503",0.042
"06037195202",0.05
"06037920041",0.062
"06037900609",0.062
"06037108102",0.06
"06037703002",0.046
"06037275602",0.046
"06037214400",0.048
"06037570001",0.044
"06037403321",0.057
"06037267100",0.046
"06037189701",0.053
"06037501501",0.046
"06037273600",0.046
"06037650604",0.044
"06037503801",0.046
"06037269100",0.048
"06037408629",0.048
"06037910602",0.062
"06037900508",0.062
"06037576802",0.042
"06037430803",0.051
"06037108202",0.057
"06037920326",0.062
"06037131200",0.06
"06037408723",0.05
"06037265202",0.046
"06037910716",0.062
"06037108103",0.06
"06037463400",0.053
"06037265520",0.046
"06037271702",0.046
"06037408503",0.048
"06037910810",0.06
"06037277000",0.046
"06037300200",0.053
"06037910707",0.062
"06037139502",0.057
"06037920013",0.065
"06037700901",0.048
"06037571000",0.044
"06037141400",0.055
"06037554518",0.046
"06037137401",0.055
"06037901102",0.062
"06037274202",0.046
"06037700300",0.05
"06037137502",0.057
"06037101300",0.053
"06037431700",0.051
"06037300600",0.053
"06037135202",0.055
"06037143603",0.053
"06037462400",0.051
"06037403320",0.055
"06037400900",0.057
"06037139701",0.055
"06037800504",0.051
"06037910505",0.062
"06037265303",0.046
"06037273700",0.046
"06037267402",0.046
"06037571101",0.044
"06037403403",0.055
"06037573902",0.044
"06037700802",0.048
"06037920031",0.065
"06037930401",0.055
"06037297400",0.042
"06037271300",0.046
"06037480011",0.051
"06037503703",0.046
"06037181500",0.05
"06037554513",0.044
"06037271902",0.046
"06037134905",0.057
"06037571800",0.042
"06037910705",0.062
"06037403304",0.051
"06037462500",0.053
"06037571503",0.042
"06037401902",0.06
"06037273402",0.046
"06037106641",0.06
"06037113211",0.057
"06037901010",0.062
"06037430302",0.053
"06037276603",0.044
"06037702202",0.046
"06037463900",0.051
"06037910603",0.062
"06037301300",0.053
"06037554514",0.044
"06037216300",0.048
"06037108101",0.06
"06037139600",0.057
"06037271600",0.046
"06037401303",0.057
"06037650701",0.042
"06037901011",0.062
"06037408626",0.05
"06037574201",0.042
"06037620601",0.044
"06037143500",0.051
"06037214000",0.048
"06037215102",0.048
"06037431800",0.051
"06037651101",0.042
"06037910714",0.062
"06037910605",0.062
"06037143700",0.051
"06037574400",0.042
"06037194401",0.048
"06037111204",0.06
"06037276400",0.046
"06037215101",0.048
"06037577603",0.042
"06037702102",0.046
"06037910709",0.062
"06037574800",0.042
"06037701402",0.046
"06037620521",0.044
"06037650800",0.042
"06037910606",0.062
"06037480704",0.05
"06037599000",0.04
"06037403703",0.057
"06037920330",0.065
"06037271100",0.046
"06037460301",0.051
"06037310100",0.055
"06037901009",0.062
"06037211701",0.048
"06037124700",0.053
"06037901101",0.062
"06037901209",0.062
"06037910715",0.062
"06037113235",0.055
"06037481800",0.048
"06037463601",0.053
"06037400205",0.06
"06037620101",0.044
"06037310300",0.055
"06037214100",0.048
"06037701302",0.046
"06037430721",0.051
"06037910805",0.057
"06037194402",0.048
"06037463000",0.051
"06037403325",0.051
"06037297000",0.042
"06037910711",0.062
"06037910001",0.062
"06037574500",0.042
"06037106643",0.06
"06037911001",0.062
"06037115101",0.057
"06037271400",0.046
"06037460401",0.051
"06037293301",0.042
"06037265100",0.046
"06037300501",0.053
"06037430701",0.051
"06037211000",0.048
"06037571300",0.042
"06037901008",0.062
"06037300301",0.053
"06037920329",0.065
"06037408705",0.051
"06037264301",0.046
"06037214600",0.048
"06037265410",0.046
"06037910205",0.06
"06037620701",0.044
"06037143400",0.053
"06037910713",0.062
"06037430400",0.053
"06037265602",0.046
"06037503601",0.046
"06037700700",0.048
"06037920334",0.065
"06037137301",0.055
"06037430723",0.051
"06037920028",0.065
"06037910207",0.062
"06037403324",0.053
"06037431300",0.053
"06037216100",0.048
"06037571102",0.042
"06037910206",0.062
"06037276601",0.046
"06037400207",0.06
"06037297300",0.042
"06037103101",0.055
"06037500100",0.048
"06037408703",0.05
"06037300901",0.051
"06037141600",0.053
"06037108201",0.06
"06037930301",0.057
"06037401002",0.057
"06037189702",0.051
"06037920039",0.062
"06037108104",0.06
"06037920033",0.062
"06037800329",0.053
"06037920314",0.068
"06037920116",0.06
"06037577501",0.042
"06037135201",0.057
"06037910210",0.062
"06037900103",0.065
"06037262704",0.048
"06037403407",0.053
"06037408627",0.048
"06037621326",0.044
"06037901007",0.062
"06037262100",0.048
"06037620102",0.044
"06037910807",0.062
"06037301400",0.055
"06037463500",0.053
"06037430802",0.051
"06037214700",0.048
"06037920118",0.06
"06037400204",0.06
"06037901004",0.062
"06037800203",0.055
"06037462600",0.053
"06037571200",0.042
"06037503602",0.046
"06037500201",0.046
"06037577604",0.042
"06037461200",0.051
"06037651402",0.042
"06037920339",0.062
"06037620001",0.044
"06037701601",0.046
"06037920331",0.065
"06037400206",0.06
"06037574300",0.042
"06037265601",0.046
"06037403405",0.055
"06037264103",0.046
"06037920020",0.062
"06037500202",0.046
"06037272100",0.046
"06037651222",0.042
"06037267902",0.046
"06037400402",0.06
"06037920114",0.065
"06037577100",0.042
"06037296401",0.042
"06037920044",0.065
"06037134424",0.055
"06037403305",0.051
"06037276604",0.046
"06037577200",0.042
"06037480600",0.051
"06037192002",0.048
"06037430003",0.055
"06037574000",0.042
"06037408722",0.05
"06037480012",0.051
"06037901205",0.062
"06037910804",0.06
"06037800410",0.051
"06037621301",0.044
"06037464000",0.051
"06037300701",0.053
"06037269000",0.046
"06037620501",0.044
"06037620602",0.044
"06037262706",0.048
"06037139801",0.057
"06037431600",0.051
"06037577504",0.042
"06037430301",0.053
"06037920322",0.065
"06037651304",0.044
"06037430502",0.051
"06037910808",0.06
"06037480202",0.051
"06037101122",0.055
"06037577300",0.042
"06037701501",0.046
"06037910209",0.062
"06037269500",0.046
"06037621324",0.044
"06037264000",0.046
"06037141700",0.051
"06037189400",0.051
"06037920018",0.062
"06037463800",0.051
"06037573601",0.042
"06037194300",0.05
"06037137302",0.055
"06037620800",0.044
"06037620522",0.044
"06037650501",0.044
"06037800324",0.051
"06037570002",0.044
"06037800325",0.051
"06037577400",0.042
"06037920303",0.057
"06037430600",0.051
"06037574100",0.042
"06037920119",0.06
"06037271500",0.046
"06037300702",0.053
"06037800331",0.051
"06037480201",0.051
"06037480500",0.051
"06037194102",0.051
"06037701304",0.046
"06037573800",0.044
"06037920109",0.065
"06037135203",0.055
"06037670416",0.044
"06037910809",0.06
"06037920110",0.065
"06037194101",0.051
"06037621201",0.044
"06037910302",0.062
"06037141500",0.053
"06037574901",0.042
"06037920104",0.057
"06037464100",0.053
"06037460200",0.051
"06037139802",0.055
"06037264302",0.046
"06037400501",0.06
"06037269300",0.046
"06037910301",0.062
"06037261101",0.05
"06037408706",0.051
"06037573700",0.042
"06037701202",0.046
"06037460800",0.051
"06037620702",0.044
"06037920107",0.062
"06037800408",0.051
"06037480002",0.051
"06037262501",0.048
"06037262601",0.05
"06037700600",0.048
"06037264102",0.046
"06037261200",0.05
"06037143902",0.051
"06037920108",0.062
"06037650502",0.044
"06037576700",0.042
"06037920012",0.062
"06037480703",0.05
"06037920045",0.062
"06037670201",0.042
"06037480702",0.05
"06037265420",0.046
"06037920015",0.062
"06037401001",0.06
"06037460100",0.051
"06037460000",0.051
"06037670326",0.044
"06037651302",0.042
"06037670701",0.042
"06037800102",0.053
"06037621400",0.044
"06037901213",0.062
"06037920338",0.062
"06037800202",0.053
"06037139702",0.053
"06037651401",0.042
"06037261102",0.05
"06037574602",0.042
"06037143901",0.051
"06037460502",0.051
"06037701201",0.046
"06037621104",0.044
"06037430501",0.053
"06037400404",0.06
"06037464200",0.053
"06037620400",0.044
"06037910813",0.06
"06037262200",0.05
"06037650702",0.044
"06037463300",0.053
"06037670411",0.044
"06037194200",0.05
"06037460600",0.053
"06037430200",0.053
"06037262400",0.05
"06037460501",0.051
"06037460700",0.051
"06037620303",0.044
"06037800332",0.051
"06037800326",0.051
"06037138000",0.055
"06037800406",0.051
"06037300100",0.053
"06037670702",0.042
"06037920016",0.062
"06037139703",0.055
"06037134421",0.055
"06037262303",0.046
"06037621001",0.044
"06037620201",0.044
"06037670202",0.042
"06037621004",0.044
"06037901210",0.062
"06037800330",0.051
"06037670403",0.042
"06037670407",0.044
"06037670324",0.044
"06037262604",0.048
"06037651201",0.044
"06037262301",0.05
"06037621102",0.044
"06037137504",0.055
"06037800506",0.051
"06037920111",0.065
"06037262302",0.046
"06037670413",0.044
"06037670602",0.042
"06037670405",0.042
"06037620301",0.044
"06037620305",0.044
"06037670328",0.044
"06037620901",0.044
"06037670500",0.042
"06037920032",0.062
"06037670406",0.042
"06037800101",0.055
"06037620904",0.044
"06037621002",0.044
"06037262802",0.046
"06037207400",0.046
"06037980002",0.042
"06037980014",0.042
"06037532400",0.046
"06037980033",0.042
"06037980031",0.042
"06037980001",0.055
"06037504102",0.046
"06037980015",0.042
"06037980025",0.042
"06037575500",0.042
"06037320000",0.053
"06037980009",0.051
"06037980005",0.042
"06037402404",0.057
"06037980028",0.046
"06037980030",0.044
"06037403200",0.055
"06037980007",0.042
"06037980024",0.057
"06037980022",0.06
"06037701100",0.046
"06037980013",0.044
"06037980006",0.044
"06037980008",0.057
"06037980021",0.055
"06037265301",0.046
"06037980018",0.042
"06037920200",0.062
"06037980020",0.055
"06037599100",0.04
"06037551600",0.044
"06037980019",0.05
"06037574700",0.042
"06037980023",0.057
"06037910811",0.057
"06037574601",0.042
"06037930101",0.051
"06037980004",0.062
"06037980026",0.055
"06037920026",0.062
"06037910812",0.06
"06037901003",0.062
"06037980003",0.062
"06037920011",0.062
