"id","label","outcome","n","scale","ols_est","ols_lo","ols_hi","ols_p","r2","partial_r2","std_beta","sem_est","sem_lo","sem_hi","sem_p","lambda","pov_ols","pov_ols_p","pov_sem","pov_sem_p","note"
"S0","Primary analysis (population-weighted)","asthma",2305,0.375506417521673,1.63668822427948,-0.137301150404834,3.4106775989638,0.070420455096709,0.333345029735821,0.00432283910579095,0.0621767671579475,-1.01301536575848,-1.61408465116814,-0.411946080348834,0.00095555267323356,0.89925646822431,0.875325098593569,3.59580160728363e-26,0.146442597061623,2.14572448697936e-09,""
"S0","Primary analysis (population-weighted)","ami",2305,0.375506417521673,0.343831769514216,0.0599478909226544,0.627715648105778,0.0177858488665884,0.287342635540586,0.00634533787958006,0.0779654771843163,-0.124076016153497,-0.250181675900485,0.00202964359349048,0.0537986533438325,0.835057641024101,0.135369381160577,2.17326201858956e-22,0.0318265802157562,2.14331219439146e-10,""
"S24","Straight-line measure: distance from geographic centroid to three nearest parks","asthma",2305,0.279392656666666,2.40103990893446,0.414470518315705,4.38760929955321,0.018023388445646,0.337372544477622,0.0103381013065459,0.0938214746729319,-1.28203447332559,-1.87400444111653,-0.690064505534656,0.0000218799273981746,0.900500233181273,0.863363058162401,7.98414367663355e-26,0.145874413918856,2.25928675767761e-09,""
"S24","Straight-line measure: distance from geographic centroid to three nearest parks","ami",2305,0.279392656666666,0.403391042684955,0.0967075875473063,0.710074497822603,0.0101241625244909,0.289752607021427,0.00970554927560081,0.0940856275193387,-0.14531165266923,-0.269179552891191,-0.0214437524472687,0.02148727936572,0.836086293409359,0.133174944150314,1.32724936616341e-21,0.0318018576598858,2.10967465719136e-10,""
"S1","As originally submitted: straight-line measure, all 2,343 tracts, missing values coded 0, unweighted","asthma",2343,0.279392656666666,1.37681159715373,0.247359098697765,2.5062640956097,0.0170666024980798,0.315799579574063,0.00575746545542853,0.0701143471413053,-1.29313084988246,-1.76459719279684,-0.821664506968089,0.0000000762185271233501,0.889182666536103,0.819373394012385,2.49911072875302e-25,0.184855562014136,3.77475828372553e-15,""
"S1","As originally submitted: straight-line measure, all 2,343 tracts, missing values coded 0, unweighted","ami",2343,0.279392656666666,0.215239602380562,0.032761800655557,0.397717404105568,0.0209558122005444,0.269367306904842,0.00453131469440494,0.0642382330358481,-0.175245376095459,-0.275609606630702,-0.0748811455602162,0.00062083678132528,0.817365069451606,0.128913718917323,1.22178506703618e-21,0.0445479023544882,0,""
"S2","As originally submitted: straight-line measure, <=1.25 mi (n = 2,291), missing values coded 0, unweighted","asthma",2291,0.279392656666666,3.8690854480635,1.86057234664998,5.87759854947702,0.000183370323306937,0.315824226572944,0.0149999114901137,0.107993452086209,-0.761778097530338,-1.64038474065571,0.116828545595029,0.0892479263228189,0.887850469907554,0.807332673120729,5.9921758078978e-27,0.165383866380021,1.64002145197628e-12,""
"S2","As originally submitted: straight-line measure, <=1.25 mi (n = 2,291), missing values coded 0, unweighted","ami",2291,0.279392656666666,0.596621314713225,0.248224280633348,0.945018348793103,0.000855175480877507,0.271988079533294,0.0112624988605576,0.0963459551506804,-0.167603999397746,-0.358091523811061,0.02288352501557,0.0846099466237639,0.816946147420956,0.127685913876482,2.92428365761587e-21,0.0423406837411859,0,""
"S23","As originally submitted: straight-line measure, <=1.0 mi (n = 2,237), missing values coded 0, unweighted","asthma",2237,0.279392656666666,3.90817429182111,1.66911667403608,6.14723190960613,0.000681445305644513,0.317297627223298,0.0130875645639617,0.0995209553791629,-0.63679418331704,-1.56804288427397,0.294454517639889,0.180160406876817,0.886945443477962,0.809980064482738,6.43873982399803e-27,0.202879227471839,0,""
"S23","As originally submitted: straight-line measure, <=1.0 mi (n = 2,237), missing values coded 0, unweighted","ami",2237,0.279392656666666,0.582567778235282,0.191285543906635,0.973850012563929,0.00366273432977285,0.277018763688749,0.00911945275550838,0.0853190425361439,-0.104876118960058,-0.305253227299433,0.0955009893793168,0.304961501910864,0.811649137341912,0.12888636147198,4.12935794922327e-21,0.0480382517638613,0,""
"S3","Primary sample, unweighted","asthma",2305,0.375506417521673,0.913332046238386,-0.730471055913655,2.55713514839043,0.275007309315258,0.305470625751785,0.00169107664122628,0.0393644412595921,-0.434092253465911,-0.963441605126311,0.0952570981944902,0.10798956680632,0.89323019539315,0.819050053134514,1.52499753504152e-24,0.130569899649435,0.0000000657092178446561,""
"S3","Primary sample, unweighted","ami",2305,0.375506417521673,0.218337759498043,-0.0156904135930307,0.452365932589117,0.0673434322091308,0.258798989284562,0.00317395841229357,0.0557530387750533,-0.0614030691870814,-0.171332058033577,0.0485259196594145,0.273605228644548,0.834107618414548,0.126839808028834,3.66593209970023e-20,0.0298344327853845,1.34562494480406e-09,""
"S4","Primary sample restricted to tracts within 1.25 mi by the straight-line measure","asthma",2262,0.375506417521673,2.33962284782398,0.51090251337646,4.1683431822715,0.0123493733135182,0.323389199333677,0.00626652658460637,0.0722200257075018,-0.625815678081452,-1.36659695015403,0.114965593991128,0.0977587457915236,0.893917060838247,0.860919146327461,8.21994703029247e-27,0.145898628585303,1.69417657680526e-09,""
"S4","Primary sample restricted to tracts within 1.25 mi by the straight-line measure","ami",2262,0.375506417521673,0.476132359255286,0.146520801409701,0.805743917100871,0.00479347090570192,0.284516481811361,0.00846777552434973,0.0864252731017277,-0.0610547981378643,-0.217678844535577,0.0955692482598487,0.444842006034934,0.833269974529207,0.134281931546746,5.75870891262844e-22,0.0314074376498203,4.39189573597787e-10,""
"S5","Primary sample restricted to tracts within 1.0 mi by the straight-line measure","asthma",2210,0.375506417521673,2.0170297571908,0.0201971751036357,4.01386233927797,0.047743252667235,0.319461646584481,0.00413343501936648,0.0580075529569434,-0.405136304908914,-1.19183005107379,0.381557441255967,0.312795946178376,0.88982765803179,0.855041022091733,2.47936713820465e-26,0.171415255557723,5.79736258998764e-12,""
"S5","Primary sample restricted to tracts within 1.0 mi by the straight-line measure","ami",2210,0.375506417521673,0.424233621883967,0.0643163581717667,0.784150885596168,0.0210521073664304,0.287344520200632,0.00594424685705351,0.0712502056256504,-0.022886282479885,-0.187539889237563,0.141767324277793,0.785288925980822,0.82617404842382,0.134590418973849,1.47676400552299e-21,0.036531874010054,9.08384478748303e-13,""
"S6","Density >= 1,000 persons per sq mi","asthma",2224,0.375506417521673,3.09190626766039,0.987841148589016,5.19597138673176,0.0041253329781134,0.330685862932637,0.010697120386721,0.0960447597311475,-0.898960567275948,-1.70236476768031,-0.0955563668715882,0.0282986544487472,0.897570779135104,0.863638583330821,2.18061161506043e-26,0.148228236311778,1.7521752937455e-09,""
"S6","Density >= 1,000 persons per sq mi","ami",2224,0.375506417521673,0.600240067303027,0.25874192595176,0.941738208654295,0.00062656789925802,0.286057318190164,0.0133039281595407,0.110769396428789,-0.111642239407715,-0.280731407761203,0.057446928945772,0.195629867505776,0.830948056734678,0.134507972395065,7.17120684857179e-22,0.0318204598250719,4.45124381798223e-10,""
"S7T1","Density tertile T1 (post hoc)","asthma",769,0.375506417521673,-0.173427155504316,-1.67292495675283,1.3260706457442,0.819913742572233,0.486340368189907,0.000110773127740135,-0.00872428845785193,NA,NA,NA,NA,NA,1.22063527316619,4.77973923684891e-18,NA,NA,""
"S7T1","Density tertile T1 (post hoc)","ami",769,0.375506417521673,0.0309457483849667,-0.189561032352792,0.251452529122726,0.782369518319068,0.361944512733003,0.000142923678606856,0.0110449406965629,NA,NA,NA,NA,NA,0.158111430221109,3.74659321172693e-22,NA,NA,""
"S7T2","Density tertile T2 (post hoc)","asthma",768,0.375506417521673,2.98823927953513,0.452254831577406,5.52422372749286,0.0211495003050557,0.227157309510972,0.00856721913818035,0.0899313144897665,NA,NA,NA,NA,NA,0.874618474666794,3.14073678626042e-16,NA,NA,""
"S7T2","Density tertile T2 (post hoc)","ami",768,0.375506417521673,0.735391904810744,0.246494597601381,1.22428921202011,0.0033796085128082,0.202439793390953,0.0179238572927679,0.132770620725505,NA,NA,NA,NA,NA,0.128531225589214,7.27837049783252e-13,NA,NA,""
"S7T3","Density tertile T3 (post hoc)","asthma",768,0.375506417521673,5.69120067453646,0.623712813992027,10.7586885350809,0.0279650368080047,0.243110549744008,0.0200914072877505,0.140637211968706,NA,NA,NA,NA,NA,0.762031534872712,9.16224645467008e-11,NA,NA,""
"S7T3","Density tertile T3 (post hoc)","ami",768,0.375506417521673,0.806972870832097,-0.11774880811146,1.73169454977565,0.0867427811305995,0.202661628800839,0.0110318349597039,0.106469614308434,NA,NA,NA,NA,NA,0.123976092015177,0.0000000409168922086146,NA,NA,""
"S8","Six-nearest-neighbor spatial weights","asthma",2305,0.375506417521673,1.63668822427948,-0.137301150404834,3.4106775989638,0.070420455096709,0.333345029735821,0.00432283910579095,0.0621767671579475,-0.956408985152358,-1.57041830810083,-0.34239966220389,0.0022657682339366,0.924606622305683,0.875325098593569,3.59580160728363e-26,0.146085672352192,1.62943880610555e-10,""
"S8","Six-nearest-neighbor spatial weights","ami",2305,0.375506417521673,0.343831769514216,0.0599478909226544,0.627715648105778,0.0177858488665884,0.287342635540586,0.00634533787958006,0.0779654771843163,-0.140065038995338,-0.268157367739318,-0.0119727102513573,0.0320970438828443,0.873748934713494,0.135369381160577,2.17326201858956e-22,0.0307951818054935,7.57514051485941e-11,""
"S9","Excluding Antelope Valley ZIP codes 935xx (post hoc diagnostic)","asthma",2227,0.375506417521673,1.42700025611856,-0.175375895152896,3.02937640739002,0.0806810662319208,0.315159276391901,0.00278357887103381,0.0475154755886754,-0.457358828475508,-1.16192931696807,0.247211660017051,0.203267420023807,0.882888186114703,0.723689087063198,2.61299709045619e-22,0.132262209686137,0.0000000317007362582444,""
"S9","Excluding Antelope Valley ZIP codes 935xx (post hoc diagnostic)","ami",2227,0.375506417521673,0.356722490357356,0.0490530072434808,0.664391973471231,0.0232287334496855,0.292905631478244,0.00525878921817905,0.0664446093978642,-0.0935740962598927,-0.24586631833102,0.0587181258112341,0.228474393524136,0.819985867425985,0.118529962177025,1.02256767829905e-16,0.0295530666744154,5.62619040245238e-09,""
"S10","log2(distance), per doubling","asthma",2305,1,3.23200378587798,0.890181400713362,5.5738261710426,0.00700470830257498,0.335764738609497,0.00793677580317422,0.0815481704116507,-0.700920374704739,-1.63654908132531,0.23470833191583,0.142016858808778,0.899001139370357,0.876075572540001,1.91199527927745e-26,0.149646219103048,9.93039872554391e-10,""
"S10","log2(distance), per doubling","ami",2305,1,0.668494167666875,0.238049731782145,1.09893860355161,0.00245169110730166,0.290891361775754,0.0112933094350829,0.100677898760824,-0.0790758923417201,-0.273747874519782,0.115596089836342,0.425942913679336,0.834545920751409,0.135510370841835,1.64712203292692e-22,0.0322790834520738,1.17571286040175e-10,""
"S11","Straight-line distance from geographic centroid recomputed from geometry (same park layer)","asthma",2305,0.28532479544015,2.50886712598721,0.448721119959821,4.5690131320146,0.0171764899397397,0.337659494927368,0.0107666738393626,0.0956364940696066,-1.19872544614786,-1.81261708444735,-0.584833807848379,0.000129595658713957,0.900288644031968,0.862714531461156,8.29374912744563e-26,0.146489082404921,1.98931138228886e-09,""
"S11","Straight-line distance from geographic centroid recomputed from geometry (same park layer)","ami",2305,0.28532479544015,0.432383499961793,0.11294846137835,0.751818538545237,0.00815877411150313,0.29042013991957,0.0106362871160261,0.0983805526761397,-0.127535706342664,-0.255788629183635,0.000717216498306517,0.0512907339672046,0.835793466972957,0.133030352698097,1.52548499971861e-21,0.0319171050851827,1.83668857900443e-10,""
"S12","Straight-line distance from population-weighted centroid (Census 2010)","asthma",2305,0.281025355128725,3.48578824597636,1.17772717124289,5.79384932070983,0.00320733713923824,0.341643484769563,0.0167169297769055,0.117796009389993,-1.23984070780537,-1.94779680811162,-0.531884607499125,0.000597955187508337,0.900430321595004,0.862955869069659,2.75602481095127e-26,0.145085440647013,2.9861135786291e-09,""
"S12","Straight-line distance from population-weighted centroid (Census 2010)","ami",2305,0.281025355128725,0.550878409548806,0.196202648789061,0.90555417030855,0.00244925773077654,0.292751192315299,0.0138864620193879,0.111116739050295,-0.0919219528725302,-0.239769873496426,0.0559259677513658,0.222997200843536,0.83520895791014,0.133186086850371,9.09112384335546e-22,0.0319968848062545,1.75120806744644e-10,""
"S22","Street-network distance from population-weighted centroid to the single nearest park","asthma",2305,0.384741236180705,1.57461314295919,-0.0492616863925234,3.19848797231091,0.0573153764336794,0.33281550213515,0.0035319674231822,0.0524607572054398,-0.639960071707272,-1.18889557550759,-0.0910245679069496,0.0223123882762329,0.8989286077006,0.875499021764158,5.442009981887e-26,0.147193083518003,1.91701632346053e-09,""
"S22","Street-network distance from population-weighted centroid to the single nearest park","ami",2305,0.384741236180705,0.257492825559143,-0.00287326022065523,0.517858911338942,0.0525645160173513,0.285044752832194,0.0031414113083143,0.0512058966050628,-0.0867160918122461,-0.202137923072405,0.0287057394479125,0.140874467160375,0.834514716313498,0.135193421802382,2.8487101381267e-22,0.0319266133425496,1.96864968771138e-10,""
"S25","Street-network distance to three nearest open-access parks (Restricted and Unknown access excluded)","asthma",2305,0.415338175057663,1.56665742830488,-0.35922149744117,3.49253635405093,0.110433701232619,0.332778432293923,0.00347660206042033,0.0557570320758171,-0.896036521995543,-1.53025409111496,-0.261818952876123,0.00562060171030348,0.89881119245481,0.876971484820201,3.59860056751579e-26,0.147535302409849,1.67363678471588e-09,""
"S25","Street-network distance to three nearest open-access parks (Restricted and Unknown access excluded)","ami",2305,0.415338175057663,0.405559501242979,0.102914642389304,0.708204360096653,0.0088111369089365,0.288349302341663,0.00774892845476574,0.0861537817536677,-0.102606562020763,-0.23586004464372,0.0306469206021939,0.131242493138942,0.834724697152457,0.136009822912715,1.25459746268606e-22,0.0319837071166907,1.76943126817264e-10,""
"S26","Street-network distance to three nearest parks with overlapping polygons merged","asthma",2305,0.380272955937326,0.850122102051378,-0.812323107306629,2.51256731140938,0.314980171019459,0.331324335611405,0.00130484767307398,0.034332921085114,-1.00020111477926,-1.57449160075162,-0.425910628806889,0.000641121901530624,0.898768644079659,0.87453453953421,4.33281193231103e-26,0.147989677110554,1.41353795335419e-09,""
"S26","Street-network distance to three nearest parks with overlapping polygons merged","ami",2305,0.380272955937326,0.232748873378081,-0.0273690857869647,0.492866832543128,0.0792684754048103,0.285124859862625,0.00325310414729382,0.0561062438121895,-0.132858337573906,-0.253065176401746,-0.0126514987460664,0.0302893708928848,0.834778688564815,0.135432667841339,2.16521353094235e-22,0.0319575359911632,1.7436452282027e-10,""
"S13","Straight-line distance from geographic centroid to the single nearest park","asthma",2305,0.281668529961219,2.4027890391315,0.62639820621807,4.17917987204493,0.00820375511487986,0.335988798858382,0.00827141918307921,0.07906792537881,-0.74924030891044,-1.33226440810759,-0.166216209713293,0.0117761312931517,0.899451344155847,0.86639036572244,3.59202312777856e-26,0.146295669238197,2.38440645006222e-09,""
"S13","Straight-line distance from geographic centroid to the single nearest park","ami",2305,0.281668529961219,0.400657481994436,0.123867637676603,0.67744732631227,0.00470652582910961,0.288277837362725,0.00764928518572557,0.0786959021125202,-0.0682263477586784,-0.19049756350734,0.0540448679899838,0.274102315948724,0.834708808011433,0.133689277377531,6.33352624732862e-22,0.0320286218801236,1.7362244975061e-10,""
"S14","Park acres within 0.5 mile (more acres = better access)","asthma",2305,18.3055831959295,-0.710441782155142,-1.11460647634234,-0.306277087967948,0.000624342326680257,0.33536149512039,0.0073345147381667,-0.0722161563868154,-0.11261483367671,-0.282218755153191,0.0569890877997707,0.19311646915202,0.898351748193516,0.845385732732535,7.77896643926029e-26,0.150398669165333,8.22453216642316e-10,""
"S14","Park acres within 0.5 mile (more acres = better access)","ami",2305,18.3055831959295,-0.117991959718585,-0.183291748741593,-0.0526921706955769,0.00044084095053701,0.287617737718063,0.00672891149411249,-0.0715900141981599,-0.048211529735423,-0.0838935151330361,-0.0125295443378099,0.00809111401383296,0.833485373671931,0.130203793570759,6.38703494349477e-21,0.0321750524635321,1.26699761793247e-10,""
"S15","Park acres within 1 mile (more acres = better access)","asthma",2305,87.8277551279501,-1.25973719478244,-1.909966189478,-0.609508200086882,0.000168628017657779,0.338770190329882,0.0124255440110695,-0.0960382484744835,-0.0928143810204085,-0.376963484962551,0.191334722921734,0.522033591228566,0.898377164943783,0.829022406133577,1.9595687714941e-25,0.150348173317664,8.71452021655728e-10,""
"S15","Park acres within 1 mile (more acres = better access)","ami",2305,87.8277551279501,-0.201836581875318,-0.310809135837968,-0.0928640279126681,0.000317783653522047,0.290400681764788,0.0106091567064069,-0.0918455925699207,-0.0752317283327062,-0.134541487451327,-0.0159219692140858,0.0129125998279952,0.832858024014784,0.127731789695226,3.72588166366938e-20,0.0319178991019361,1.88296267467081e-10,""
"S16","Straight-line distance from geographic centroid to the 2016 county park inventory (contemporaneous with outcomes)","asthma",2305,0.292549771187078,2.69918216802255,0.417059904210254,4.98130443183485,0.0206143507462318,0.338128575814437,0.0114672658197707,0.0984015566015014,-1.01215032916008,-1.64821536735707,-0.376085290963086,0.00181535891269106,0.899884344868901,0.864994322930235,4.39988267038539e-26,0.146550464454539,2.07999084622656e-09,""
"S16","Straight-line distance from geographic centroid to the 2016 county park inventory (contemporaneous with outcomes)","ami",2305,0.292549771187078,0.486092191507375,0.126120339685858,0.846064043328892,0.00831018676107531,0.291663341714386,0.0123696772709296,0.105774888554785,-0.0909007088796839,-0.223830350122605,0.0420289323632368,0.180148341849414,0.835266855393434,0.13337724382515,9.64386941943321e-22,0.032010360200978,1.68834946023821e-10,""
"S27","Street-network distance from population-weighted centroid to three nearest parks in the 2016 county park inventory (parks, roads and outcomes in one period)","asthma",2305,0.381011144913704,1.83926149356812,0.02296209221465,3.65556089492158,0.0471925067944325,0.334064954410832,0.00539807680511802,0.0694123768455649,-0.807212082726324,-1.41488314261645,-0.199541022836194,0.00922488852560057,0.899314774282408,0.876401062541828,3.17163446632062e-26,0.146353056829487,2.33623853596043e-09,""
"S27","Street-network distance from population-weighted centroid to three nearest parks in the 2016 county park inventory (parks, roads and outcomes in one period)","ami",2305,0.381011144913704,0.372916732114276,0.0709231768246159,0.674910287403935,0.0156962048457271,0.288085253139655,0.00738076594962733,0.0840039033197294,-0.0821264646451809,-0.209444583437247,0.0451916541468849,0.206123572586948,0.834774553750476,0.135555376059316,1.73863111897734e-22,0.0319523716718791,1.92027505008241e-10,""
"S17","Share of tract within a 2016 half-mile walkshed (pedestrian network; more = better access)","asthma",2305,0.64204577229568,-5.05955090147215,-8.3476439996922,-1.7714578032521,0.00268361570449355,0.337787473855997,0.0109578157373372,-0.0929910934789926,0.71034954233202,-0.489036548764756,1.9097356334288,0.245710447852751,0.899084538935302,0.89199853856817,5.13876993077465e-27,0.148204745904657,1.62780500190252e-09,""
"S17","Share of tract within a 2016 half-mile walkshed (pedestrian network; more = better access)","ami",2305,0.64204577229568,-0.677552804202225,-1.24486270929044,-0.110242899114013,0.0194179400601488,0.287479378879025,0.00653599844457418,-0.0743304379197332,0.23796818355191,-0.0110502569556701,0.486986624059489,0.0610650020306817,0.835301198188714,0.137267788162863,4.95238328595539e-23,0.0314654598210782,3.79965392482973e-10,""
"S18","Ozone from CalEnviroScreen 3.0 (2012-2014)","asthma",2305,0.375506417521673,1.24622299124596,-0.467095568525935,2.95954155101786,0.153307224338117,0.326023871970531,0.00245588704097715,0.047343235934683,-1.02213623113882,-1.6226737942832,-0.421598667994435,0.000849963698568642,0.899663528622463,0.883247278110633,2.56432001470655e-26,0.14678114186993,1.92412241695195e-09,""
"S18","Ozone from CalEnviroScreen 3.0 (2012-2014)","ami",2305,0.375506417521673,0.274587351099823,0.0141331592337967,0.53504154296585,0.0388732638368207,0.275680785684172,0.0039466737862311,0.0622639783622146,-0.130573333778655,-0.256521600620821,-0.00462506693648822,0.042156183134991,0.837432897794567,0.136887147897835,3.90765853901061e-22,0.0318303875576916,2.12629247542395e-10,""
"S19","Ozone = mean of CalEnviroScreen 3.0 and 4.0 (brackets 2015-2017)","asthma",2305,0.375506417521673,1.51495985428612,-0.232642473862218,3.26256218243446,0.0890353048765876,0.330027771033348,0.00365885113100685,0.0575523821313333,-1.01713085192349,-1.61800314912114,-0.416258554725849,0.000907281477385828,0.899486945313963,0.878236115461975,3.13530125209987e-26,0.146635953266793,2.01615457662285e-09,""
"S19","Ozone = mean of CalEnviroScreen 3.0 and 4.0 (brackets 2015-2017)","ami",2305,0.375506417521673,0.324079025881403,0.0490844591598962,0.59907359260291,0.021070509874251,0.282413290872073,0.00555886449342248,0.0734864493003963,-0.126572106722403,-0.252644261904359,-0.000499951540447935,0.049094211279656,0.836074448847515,0.135903589429039,2.86931516711074e-22,0.0318467921677079,2.08713490934542e-10,""
