"id","outcome","sample","model","n","term","est","se","lo","hi","p","note"
"G1","asthma","originally submitted: <=1.25 mi, missing values coded 0","OLS unweighted, conventional SE",2291,"original straight-line dist per mile",13.8482002147951,2.34708602394949,9.24555920847621,18.450841221114,4.17147294414622e-09,""
"G1","ami","originally submitted: <=1.25 mi, missing values coded 0","OLS unweighted, conventional SE",2291,"original straight-line dist per mile",2.13542231865111,0.418474296271778,1.31479327631636,2.95605136098586,0.000000362093478402295,""
"G1","asthma","originally submitted: all 2,343 tracts, missing values coded 0","OLS unweighted, conventional SE",2343,"original straight-line dist per mile",4.92787324326981,1.33926886841954,2.30159490340674,7.55415158313288,0.000238949136964576,""
"C9","asthma","as originally coded, <=1.0 mi","OLS unweighted",2237,"original straight-line dist per mile",13.988106697034,NA,NA,NA,NA,""
"C9","ami","as originally coded, <=1.0 mi","OLS unweighted",2237,"original straight-line dist per mile",2.08512201138602,NA,NA,NA,NA,""
"T3","asthma","primary","WLS bivariate",2305,"dist per mile",2.32865180941313,4.91568130518777,-7.3480338483555,12.0053374671818,0.636072082528572,""
"T3","ami","primary","WLS bivariate",2305,"dist per mile",-0.171284207325717,0.599644057273917,-1.35170390676086,1.00913549210943,0.775364177837769,""
"T3","pm25","primary","WLS bivariate",2305,"dist per mile",-1.06709569782129,0.209613478274726,-1.47972695134771,-0.654464444294863,0.000000658118332369919,""
"T3","ozone","primary","WLS bivariate",2305,"dist per mile",0.00795339420868876,0.000833054626651443,0.00631349787339371,0.00959329054398381,7.23803059526462e-19,""
"T3","poverty","primary","WLS bivariate",2305,"dist per mile",-5.54904220118058,1.84380634843081,-9.17863764072499,-1.91944676163618,0.00285632405703291,""
"T3u","asthma","primary","OLS bivariate unweighted (ZIP-clustered)",2305,"dist per mile",1.44883341438722,4.3078275452582,-7.03127146534693,9.92893829412138,0.736878941526045,""
"T3u","ami","primary","OLS bivariate unweighted (ZIP-clustered)",2305,"dist per mile",-0.199982145659563,0.526410412013794,-1.23623892631337,0.836274634994241,0.704311359099478,""
"T3u","pm25","primary","OLS bivariate unweighted (ZIP-clustered)",2305,"dist per mile",-0.93913764425469,0.136477276137912,-1.2077977990986,-0.67047748941078,3.93063933324526e-11,""
"T3u","ozone","primary","OLS bivariate unweighted (ZIP-clustered)",2305,"dist per mile",0.00639247217971124,0.000804975606609581,0.00480785034934321,0.00797709401007927,4.98592920320128e-14,""
"T3u","poverty","primary","OLS bivariate unweighted (ZIP-clustered)",2305,"dist per mile",-4.79582721826424,1.59739125655611,-7.94034617758907,-1.65130825893942,0.00292321400353253,""
"T3sl","asthma","primary","WLS bivariate, original straight-line measure",2305,"original straight-line dist per mile",10.7971264263252,6.04889128082811,-1.11032156889329,22.7045744215437,0.0753554393921754,""
"T3sl","ami","primary","WLS bivariate, original straight-line measure",2305,"original straight-line dist per mile",0.890929830078206,0.721769788905365,-0.529898521251307,2.31175818140772,0.218108048340881,""
"T3sl","pm25","primary","WLS bivariate, original straight-line measure",2305,"original straight-line dist per mile",-1.33881843213996,0.264565044726413,-1.85962371118626,-0.818013153093663,0.000000761535018766992,""
"T3sl","ozone","primary","WLS bivariate, original straight-line measure",2305,"original straight-line dist per mile",0.00892954084098442,0.00120757164173822,0.00655239503740998,0.0113066866445588,1.67684253323613e-12,""
"T3sl","poverty","primary","WLS bivariate, original straight-line measure",2305,"original straight-line dist per mile",-1.36829270512543,2.03612036534598,-5.37646482076699,2.63987941051613,0.502135591474041,""
"C8","poverty","all 2,343 tracts, as originally coded (missing poverty = 0)","OLS bivariate, conventional SE",2343,"original straight-line dist per mile",-3.29977319727209,0.961410635171608,-5.18507816512826,-1.41446822941592,0.000609057687698804,""
"C8","poverty","tracts with a reported poverty value","OLS bivariate, conventional SE",2305,"original straight-line dist per mile",-1.24473256494552,1.16988913914715,-3.53887884427234,1.0494137143813,0.287451658311679,""
"C8","poverty","as originally coded, tracts within 1.25 miles","OLS bivariate, conventional SE",2291,"original straight-line dist per mile",-3.11763689611289,1.8004606550869,-6.64834186532253,0.413068073096742,0.0834835737438802,""
"T4","asthma","primary","WLS (ZIP-clustered)",2305,"(Intercept)",104.895960778258,34.7279179331258,36.5328744583629,173.259047098153,0.00275823372238167,""
"T4","asthma","primary","weighted SEM queen",2305,"(Intercept)",57.0169314798339,25.7611896500637,6.52499976570907,107.508863193959,0.0268777975764294,""
"T4","asthma","primary","WLS (ZIP-clustered)",2305,"dist",4.3586158529102,2.39988668418745,-0.365642620200783,9.08287432602119,0.070420455096709,""
"T4","asthma","primary","weighted SEM queen",2305,"dist",-2.69773116647205,0.816678459942236,-4.29842094795884,-1.09704138498527,0.00095555267323356,""
"T4","asthma","primary","WLS (ZIP-clustered)",2305,"pm25",-5.49240753894721,2.6449213073419,-10.699024992701,-0.285790085193386,0.0387583260877177,""
"T4","asthma","primary","weighted SEM queen",2305,"pm25",0.52566287111928,1.65584698168942,-2.71979721299199,3.77112295523055,0.750895645447704,""
"T4","asthma","primary","WLS (ZIP-clustered)",2305,"ozone",-3.81431186175384,1.85139018380405,-7.45883633888854,-0.169787384619139,0.0403059425306296,"per 0.01 ppm"
"T4","asthma","primary","weighted SEM queen",2305,"ozone",-1.86687799753716,2.64693857558155,-7.05487760567701,3.32112161060268,0.480625389186356,"per 0.01 ppm"
"T4","asthma","primary","WLS (ZIP-clustered)",2305,"poverty",0.875325098593569,0.0744599753535898,0.728748107359112,1.02190208982802,3.59580160728363e-26,""
"T4","asthma","primary","weighted SEM queen",2305,"poverty",0.146442597061623,0.024462659701172,0.0984957840473261,0.19438941007592,2.14572442620964e-09,""
"T4","asthma","primary","OLS unweighted (ZIP-clustered)",2305,"dist",2.43226747565685,2.22376820998869,-1.945295797432,6.80983074874569,0.275007309315258,""
"T4","asthma","primary","SEM unweighted queen",2305,"dist",-1.15601820158202,0.719231915154012,-2.56571275528388,0.253676352119847,0.10798956680632,""
"T4","ami","primary","WLS (ZIP-clustered)",2305,"(Intercept)",17.1654703822424,4.39568368421735,8.51241770808639,25.8185230563984,0.000118307031731264,""
"T4","ami","primary","weighted SEM queen",2305,"(Intercept)",15.0800642123757,4.06176207492503,7.11901054552265,23.0411178792288,0.000205067851664999,""
"T4","ami","primary","WLS (ZIP-clustered)",2305,"dist",0.915648184612906,0.384043529126893,0.159645449785674,1.67165091944014,0.0177858488665884,""
"T4","ami","primary","weighted SEM queen",2305,"dist",-0.330423157538542,0.171340939376031,-0.666251398715563,0.00540508363847958,0.0537986533438325,""
"T4","ami","primary","WLS (ZIP-clustered)",2305,"pm25",-0.332718996108569,0.306956233065994,-0.936972769626729,0.271534777409592,0.279335103685198,""
"T4","ami","primary","weighted SEM queen",2305,"pm25",0.180836252424857,0.265882987309051,-0.340294402700883,0.701966907550596,0.496419158929118,""
"T4","ami","primary","WLS (ZIP-clustered)",2305,"ozone",-0.868566267854647,0.278018521515887,-1.41585517303807,-0.321277362671226,0.00197182526836586,"per 0.01 ppm"
"T4","ami","primary","weighted SEM queen",2305,"ozone",-0.685562938193988,0.368596519678595,-1.40801211676403,0.0368862403760585,0.0628957322469099,"per 0.01 ppm"
"T4","ami","primary","WLS (ZIP-clustered)",2305,"poverty",0.135369381160577,0.0127280125005766,0.110313856123539,0.160424906197614,2.17326201858956e-22,""
"T4","ami","primary","weighted SEM queen",2305,"poverty",0.0318265802157562,0.00501150397543677,0.0220040324239001,0.0416491280076123,2.14331250372923e-10,""
"T4","ami","primary","OLS unweighted (ZIP-clustered)",2305,"dist",0.581448809687631,0.316597779186771,-0.0417846749373467,1.20468229431261,0.0673434322091308,""
"T4","ami","primary","SEM unweighted queen",2305,"dist",-0.163520691849527,0.149361545321647,-0.456269320679955,0.129227936980901,0.273605228644548,""
"T4std","asthma","primary","WLS standardized coefficient",2305,"dist",0.0621767671579475,NA,NA,NA,NA,"partial R2 0.0043"
"T4std","asthma","primary","WLS standardized coefficient",2305,"pm25",-0.19373817808566,NA,NA,NA,NA,"partial R2 0.0412"
"T4std","asthma","primary","WLS standardized coefficient",2305,"ozone",-0.109968545051244,NA,NA,NA,NA,"partial R2 0.0141"
"T4std","asthma","primary","WLS standardized coefficient",2305,"poverty",0.555429870851813,NA,NA,NA,NA,"partial R2 0.3099"
"T4std","ami","primary","WLS standardized coefficient",2305,"dist",0.0779654771843163,NA,NA,NA,NA,"partial R2 0.0063"
"T4std","ami","primary","WLS standardized coefficient",2305,"pm25",-0.0700525926230627,NA,NA,NA,NA,"partial R2 0.0052"
"T4std","ami","primary","WLS standardized coefficient",2305,"ozone",-0.149468404535105,NA,NA,NA,NA,"partial R2 0.0241"
"T4std","ami","primary","WLS standardized coefficient",2305,"poverty",0.512713146974732,NA,NA,NA,NA,"partial R2 0.2636"
"T4B","asthma","primary","WLS within/between ZIP",2305,"dist_w",-0.782692689128241,0.717887098195196,-2.19587783188176,0.630492453625281,0.276537158049174,""
"T4B","asthma","primary","WLS within/between ZIP",2305,"dist_b",12.34392940054,5.97216911988254,0.587511585750741,24.1003472153293,0.0396684204365301,""
"T4B","asthma","primary","WLS within/between ZIP",2305,"pm25_w",4.031887710984,1.33855295516816,1.39690074187966,6.66687468008833,0.00283305379514218,""
"T4B","asthma","primary","WLS within/between ZIP",2305,"pm25_b",-5.15747706736384,2.38125669001157,-9.84506176399225,-0.469892370735431,0.0311717387205833,""
"T4B","asthma","primary","WLS ZIP fixed effects",2305,"dist",-0.78269268912824,0.764982525253681,-2.28858678009661,0.723201401840128,0.307125919111906,""
"T4B","ami","primary","WLS within/between ZIP",2305,"dist_w",-0.226972243421814,0.149452364303704,-0.521174300144046,0.0672298133004174,0.129976223893129,""
"T4B","ami","primary","WLS within/between ZIP",2305,"dist_b",2.80241988918223,0.966242770974154,0.900338166768562,4.7045016115959,0.00402547948358815,""
"T4B","ami","primary","WLS within/between ZIP",2305,"pm25_w",0.889293343518598,0.336111047707405,0.227647326854465,1.55093936018273,0.00861311274132431,""
"T4B","ami","primary","WLS within/between ZIP",2305,"pm25_b",-0.187967197043391,0.288788520249317,-0.756457210640408,0.380522816553627,0.515660385472662,""
"T4B","ami","primary","WLS ZIP fixed effects",2305,"dist",-0.226972243421815,0.159256862726198,-0.540474788393037,0.0865303015494077,0.155222293893096,""
"S0","asthma","Primary analysis (population-weighted)","WLS (ZIP-clustered)",2305,"exposure per 0.376",1.63668822427948,0.901172851237195,-0.137301150404834,3.4106775989638,0.070420455096709,""
"S0","asthma","Primary analysis (population-weighted)","weighted SEM",2305,"exposure per 0.376",-1.01301536575848,0.306668002760026,-1.61408465116814,-0.411946080348834,0.00095555267323356,""
"S0","ami","Primary analysis (population-weighted)","WLS (ZIP-clustered)",2305,"exposure per 0.376",0.343831769514216,0.14421080979482,0.0599478909226544,0.627715648105778,0.0177858488665884,""
"S0","ami","Primary analysis (population-weighted)","weighted SEM",2305,"exposure per 0.376",-0.124076016153497,0.0643396223198917,-0.250181675900485,0.00202964359349048,0.0537986533438325,""
"S24","asthma","Straight-line measure: distance from geographic centroid to three nearest parks","WLS (ZIP-clustered)",2305,"exposure per 0.279",2.40103990893446,1.00916185151504,0.414470518315705,4.38760929955321,0.018023388445646,""
"S24","asthma","Straight-line measure: distance from geographic centroid to three nearest parks","weighted SEM",2305,"exposure per 0.279",-1.28203447332559,0.302025493770886,-1.87400444111653,-0.690064505534656,0.0000218799273981746,""
"S24","ami","Straight-line measure: distance from geographic centroid to three nearest parks","WLS (ZIP-clustered)",2305,"exposure per 0.279",0.403391042684955,0.155792817949008,0.0967075875473063,0.710074497822603,0.0101241625244909,""
"S24","ami","Straight-line measure: distance from geographic centroid to three nearest parks","weighted SEM",2305,"exposure per 0.279",-0.14531165266923,0.0631979082765109,-0.269179552891191,-0.0214437524472687,0.02148727936572,""
"S1","asthma","As originally submitted: straight-line measure, all 2,343 tracts, missing values coded 0, unweighted","OLS (ZIP-clustered)",2343,"exposure per 0.279",1.37681159715373,0.573779895858459,0.247359098697765,2.5062640956097,0.0170666024980798,""
"S1","asthma","As originally submitted: straight-line measure, all 2,343 tracts, missing values coded 0, unweighted","SEM unweighted",2343,"exposure per 0.279",-1.29313084988246,0.240544052507335,-1.76459719279684,-0.821664506968089,0.0000000762185271233501,""
"S1","ami","As originally submitted: straight-line measure, all 2,343 tracts, missing values coded 0, unweighted","OLS (ZIP-clustered)",2343,"exposure per 0.279",0.215239602380562,0.0927016357158787,0.032761800655557,0.397717404105568,0.0209558122005444,""
"S1","ami","As originally submitted: straight-line measure, all 2,343 tracts, missing values coded 0, unweighted","SEM unweighted",2343,"exposure per 0.279",-0.175245376095459,0.0512062400690014,-0.275609606630702,-0.0748811455602162,0.00062083678132528,""
"S2","asthma","As originally submitted: straight-line measure, <=1.25 mi (n = 2,291), missing values coded 0, unweighted","OLS (ZIP-clustered)",2291,"exposure per 0.279",3.8690854480635,1.02029298196942,1.86057234664998,5.87759854947702,0.000183370323306937,""
"S2","asthma","As originally submitted: straight-line measure, <=1.25 mi (n = 2,291), missing values coded 0, unweighted","SEM unweighted",2291,"exposure per 0.279",-0.761778097530338,0.448268695472126,-1.64038474065571,0.116828545595029,0.0892479263228189,""
"S2","ami","As originally submitted: straight-line measure, <=1.25 mi (n = 2,291), missing values coded 0, unweighted","OLS (ZIP-clustered)",2291,"exposure per 0.279",0.596621314713225,0.176980199213286,0.248224280633348,0.945018348793103,0.000855175480877507,""
"S2","ami","As originally submitted: straight-line measure, <=1.25 mi (n = 2,291), missing values coded 0, unweighted","SEM unweighted",2291,"exposure per 0.279",-0.167603999397746,0.0971875124557733,-0.358091523811061,0.02288352501557,0.0846099466237639,""
"S23","asthma","As originally submitted: straight-line measure, <=1.0 mi (n = 2,237), missing values coded 0, unweighted","OLS (ZIP-clustered)",2237,"exposure per 0.279",3.90817429182111,1.13735131527414,1.66911667403608,6.14723190960613,0.000681445305644513,""
"S23","asthma","As originally submitted: straight-line measure, <=1.0 mi (n = 2,237), missing values coded 0, unweighted","SEM unweighted",2237,"exposure per 0.279",-0.63679418331704,0.475126888243332,-1.56804288427397,0.294454517639889,0.180160406876817,""
"S23","ami","As originally submitted: straight-line measure, <=1.0 mi (n = 2,237), missing values coded 0, unweighted","OLS (ZIP-clustered)",2237,"exposure per 0.279",0.582567778235282,0.198755655201643,0.191285543906635,0.973850012563929,0.00366273432977285,""
"S23","ami","As originally submitted: straight-line measure, <=1.0 mi (n = 2,237), missing values coded 0, unweighted","SEM unweighted",2237,"exposure per 0.279",-0.104876118960058,0.102233218540497,-0.305253227299433,0.0955009893793168,0.304961501910864,""
"S3","asthma","Primary sample, unweighted","OLS (ZIP-clustered)",2305,"exposure per 0.376",0.913332046238386,0.835039233931437,-0.730471055913655,2.55713514839043,0.275007309315258,""
"S3","asthma","Primary sample, unweighted","SEM unweighted",2305,"exposure per 0.376",-0.434092253465911,0.270076199826735,-0.963441605126311,0.0952570981944902,0.10798956680632,""
"S3","ami","Primary sample, unweighted","OLS (ZIP-clustered)",2305,"exposure per 0.376",0.218337759498043,0.118884497857742,-0.0156904135930307,0.452365932589117,0.0673434322091308,""
"S3","ami","Primary sample, unweighted","SEM unweighted",2305,"exposure per 0.376",-0.0614030691870814,0.0560862187992326,-0.171332058033577,0.0485259196594145,0.273605228644548,""
"S4","asthma","Primary sample restricted to tracts within 1.25 mi by the straight-line measure","WLS (ZIP-clustered)",2262,"exposure per 0.376",2.33962284782398,0.928931445870595,0.51090251337646,4.1683431822715,0.0123493733135182,""
"S4","asthma","Primary sample restricted to tracts within 1.25 mi by the straight-line measure","weighted SEM",2262,"exposure per 0.376",-0.625815678081452,0.377949628608459,-1.36659695015403,0.114965593991128,0.0977587457915236,""
"S4","ami","Primary sample restricted to tracts within 1.25 mi by the straight-line measure","WLS (ZIP-clustered)",2262,"exposure per 0.376",0.476132359255286,0.167432130128121,0.146520801409701,0.805743917100871,0.00479347090570192,""
"S4","ami","Primary sample restricted to tracts within 1.25 mi by the straight-line measure","weighted SEM",2262,"exposure per 0.376",-0.0610547981378643,0.0799102277539352,-0.217678844535577,0.0955692482598487,0.444842006034934,""
"S5","asthma","Primary sample restricted to tracts within 1.0 mi by the straight-line measure","WLS (ZIP-clustered)",2210,"exposure per 0.376",2.0170297571908,1.01427764221945,0.0201971751036357,4.01386233927797,0.047743252667235,""
"S5","asthma","Primary sample restricted to tracts within 1.0 mi by the straight-line measure","weighted SEM",2210,"exposure per 0.376",-0.405136304908914,0.401374360288204,-1.19183005107379,0.381557441255967,0.312795946178376,""
"S5","ami","Primary sample restricted to tracts within 1.0 mi by the straight-line measure","WLS (ZIP-clustered)",2210,"exposure per 0.376",0.424233621883967,0.182817546601986,0.0643163581717667,0.784150885596168,0.0210521073664304,""
"S5","ami","Primary sample restricted to tracts within 1.0 mi by the straight-line measure","weighted SEM",2210,"exposure per 0.376",-0.022886282479885,0.0840069422233053,-0.187539889237563,0.141767324277793,0.785288925980822,""
"S6","asthma","Density >= 1,000 persons per sq mi","WLS (ZIP-clustered)",2224,"exposure per 0.376",3.09190626766039,1.06871030655742,0.987841148589016,5.19597138673176,0.0041253329781134,""
"S6","asthma","Density >= 1,000 persons per sq mi","weighted SEM",2224,"exposure per 0.376",-0.898960567275948,0.409900102247122,-1.70236476768031,-0.0955563668715882,0.0282986544487472,""
"S6","ami","Density >= 1,000 persons per sq mi","WLS (ZIP-clustered)",2224,"exposure per 0.376",0.600240067303027,0.17345593538159,0.25874192595176,0.941738208654295,0.00062656789925802,""
"S6","ami","Density >= 1,000 persons per sq mi","weighted SEM",2224,"exposure per 0.376",-0.111642239407715,0.0862699838538201,-0.280731407761203,0.057446928945772,0.195629867505776,""
"S7T1","asthma","Density tertile T1 (post hoc)","WLS (ZIP-clustered)",769,"exposure per 0.376",-0.173427155504316,0.760893172070697,-1.67292495675283,1.3260706457442,0.819913742572233,""
"S7T1","ami","Density tertile T1 (post hoc)","WLS (ZIP-clustered)",769,"exposure per 0.376",0.0309457483849667,0.111892197320298,-0.189561032352792,0.251452529122726,0.782369518319068,""
"S7T2","asthma","Density tertile T2 (post hoc)","WLS (ZIP-clustered)",768,"exposure per 0.376",2.98823927953513,1.2862173518129,0.452254831577406,5.52422372749286,0.0211495003050557,""
"S7T2","ami","Density tertile T2 (post hoc)","WLS (ZIP-clustered)",768,"exposure per 0.376",0.735391904810744,0.247962167233987,0.246494597601381,1.22428921202011,0.0033796085128082,""
"S7T3","asthma","Density tertile T3 (post hoc)","WLS (ZIP-clustered)",768,"exposure per 0.376",5.69120067453646,2.5659445327201,0.623712813992027,10.7586885350809,0.0279650368080047,""
"S7T3","ami","Density tertile T3 (post hoc)","WLS (ZIP-clustered)",768,"exposure per 0.376",0.806972870832097,0.468236846672593,-0.11774880811146,1.73169454977565,0.0867427811305995,""
"S7int","asthma","primary","WLS dist x density tertile",2305,"joint interaction",NA,NA,NA,NA,0.2308893754557,""
"S7int","ami","primary","WLS dist x density tertile",2305,"joint interaction",NA,NA,NA,NA,0.419950179284691,""
"S8","asthma","Six-nearest-neighbor spatial weights","WLS (ZIP-clustered)",2305,"exposure per 0.376",1.63668822427948,0.901172851237195,-0.137301150404834,3.4106775989638,0.070420455096709,""
"S8","asthma","Six-nearest-neighbor spatial weights","weighted SEM",2305,"exposure per 0.376",-0.956408985152358,0.31327006272881,-1.57041830810083,-0.34239966220389,0.0022657682339366,""
"S8","ami","Six-nearest-neighbor spatial weights","WLS (ZIP-clustered)",2305,"exposure per 0.376",0.343831769514216,0.14421080979482,0.0599478909226544,0.627715648105778,0.0177858488665884,""
"S8","ami","Six-nearest-neighbor spatial weights","weighted SEM",2305,"exposure per 0.376",-0.140065038995338,0.0653532289510103,-0.268157367739318,-0.0119727102513573,0.0320970438828443,""
"S9","asthma","Excluding Antelope Valley ZIP codes 935xx (post hoc diagnostic)","WLS (ZIP-clustered)",2227,"exposure per 0.376",1.42700025611856,0.813848042495214,-0.175375895152896,3.02937640739002,0.0806810662319208,""
"S9","asthma","Excluding Antelope Valley ZIP codes 935xx (post hoc diagnostic)","weighted SEM",2227,"exposure per 0.376",-0.457358828475508,0.359474739026816,-1.16192931696807,0.247211660017051,0.203267420023807,""
"S9","ami","Excluding Antelope Valley ZIP codes 935xx (post hoc diagnostic)","WLS (ZIP-clustered)",2227,"exposure per 0.376",0.356722490357356,0.156265559974202,0.0490530072434808,0.664391973471231,0.0232287334496855,""
"S9","ami","Excluding Antelope Valley ZIP codes 935xx (post hoc diagnostic)","weighted SEM",2227,"exposure per 0.376",-0.0935740962598927,0.0777001133015953,-0.24586631833102,0.0587181258112341,0.228474393524136,""
"S10","asthma","log2(distance), per doubling","WLS (ZIP-clustered)",2305,"exposure per 1",3.23200378587798,1.18962761899599,0.890181400713362,5.5738261710426,0.00700470830257498,""
"S10","asthma","log2(distance), per doubling","weighted SEM",2305,"exposure per 1",-0.700920374704739,0.477361585010495,-1.63654908132531,0.23470833191583,0.142016858808778,""
"S10","ami","log2(distance), per doubling","WLS (ZIP-clustered)",2305,"exposure per 1",0.668494167666875,0.218662436833623,0.238049731782145,1.09893860355161,0.00245169110730166,""
"S10","ami","log2(distance), per doubling","weighted SEM",2305,"exposure per 1",-0.0790758923417201,0.0993224398867664,-0.273747874519782,0.115596089836342,0.425942913679336,""
"S11","asthma","Straight-line distance from geographic centroid recomputed from geometry (same park layer)","WLS (ZIP-clustered)",2305,"exposure per 0.285",2.50886712598721,1.04653820181251,0.448721119959821,4.5690131320146,0.0171764899397397,""
"S11","asthma","Straight-line distance from geographic centroid recomputed from geometry (same park layer)","weighted SEM",2305,"exposure per 0.285",-1.19872544614786,0.313210019540553,-1.81261708444735,-0.584833807848379,0.000129595658713957,""
"S11","ami","Straight-line distance from geographic centroid recomputed from geometry (same park layer)","WLS (ZIP-clustered)",2305,"exposure per 0.285",0.432383499961793,0.162270523495402,0.11294846137835,0.751818538545237,0.00815877411150313,""
"S11","ami","Straight-line distance from geographic centroid recomputed from geometry (same park layer)","weighted SEM",2305,"exposure per 0.285",-0.127535706342664,0.065435164714781,-0.255788629183635,0.000717216498306517,0.0512907339672046,""
"S12","asthma","Straight-line distance from population-weighted centroid (Census 2010)","WLS (ZIP-clustered)",2305,"exposure per 0.281",3.48578824597636,1.17247713499822,1.17772717124289,5.79384932070983,0.00320733713923824,""
"S12","asthma","Straight-line distance from population-weighted centroid (Census 2010)","weighted SEM",2305,"exposure per 0.281",-1.23984070780537,0.361202091992984,-1.94779680811162,-0.531884607499125,0.000597955187508337,""
"S12","ami","Straight-line distance from population-weighted centroid (Census 2010)","WLS (ZIP-clustered)",2305,"exposure per 0.281",0.550878409548806,0.180172537192032,0.196202648789061,0.90555417030855,0.00244925773077654,""
"S12","ami","Straight-line distance from population-weighted centroid (Census 2010)","weighted SEM",2305,"exposure per 0.281",-0.0919219528725302,0.0754326125632122,-0.239769873496426,0.0559259677513658,0.222997200843536,""
"S22","asthma","Street-network distance from population-weighted centroid to the single nearest park","WLS (ZIP-clustered)",2305,"exposure per 0.385",1.57461314295919,0.824915825823146,-0.0492616863925234,3.19848797231091,0.0573153764336794,""
"S22","asthma","Street-network distance from population-weighted centroid to the single nearest park","weighted SEM",2305,"exposure per 0.385",-0.639960071707272,0.280069134592001,-1.18889557550759,-0.0910245679069496,0.0223123882762329,""
"S22","ami","Street-network distance from population-weighted centroid to the single nearest park","WLS (ZIP-clustered)",2305,"exposure per 0.385",0.257492825559143,0.132263953344931,-0.00287326022065523,0.517858911338942,0.0525645160173513,""
"S22","ami","Street-network distance from population-weighted centroid to the single nearest park","weighted SEM",2305,"exposure per 0.385",-0.0867160918122461,0.0588886894184483,-0.202137923072405,0.0287057394479125,0.140874467160375,""
"S25","asthma","Street-network distance to three nearest open-access parks (Restricted and Unknown access excluded)","WLS (ZIP-clustered)",2305,"exposure per 0.415",1.56665742830488,0.978331565802662,-0.35922149744117,3.49253635405093,0.110433701232619,""
"S25","asthma","Street-network distance to three nearest open-access parks (Restricted and Unknown access excluded)","weighted SEM",2305,"exposure per 0.415",-0.896036521995543,0.323580392407867,-1.53025409111496,-0.261818952876123,0.00562060171030348,""
"S25","ami","Street-network distance to three nearest open-access parks (Restricted and Unknown access excluded)","WLS (ZIP-clustered)",2305,"exposure per 0.415",0.405559501242979,0.153741242341983,0.102914642389304,0.708204360096653,0.0088111369089365,""
"S25","ami","Street-network distance to three nearest open-access parks (Restricted and Unknown access excluded)","weighted SEM",2305,"exposure per 0.415",-0.102606562020763,0.0679864707259983,-0.23586004464372,0.0306469206021939,0.131242493138942,""
"S26","asthma","Street-network distance to three nearest parks with overlapping polygons merged","WLS (ZIP-clustered)",2305,"exposure per 0.38",0.850122102051378,0.844509279887524,-0.812323107306629,2.51256731140938,0.314980171019459,""
"S26","asthma","Street-network distance to three nearest parks with overlapping polygons merged","weighted SEM",2305,"exposure per 0.38",-1.00020111477926,0.293005349985902,-1.57449160075162,-0.425910628806889,0.000641121901530624,""
"S26","ami","Street-network distance to three nearest parks with overlapping polygons merged","WLS (ZIP-clustered)",2305,"exposure per 0.38",0.232748873378081,0.132137906947993,-0.0273690857869647,0.492866832543128,0.0792684754048103,""
"S26","ami","Street-network distance to three nearest parks with overlapping polygons merged","weighted SEM",2305,"exposure per 0.38",-0.132858337573906,0.0613300198101224,-0.253065176401746,-0.0126514987460664,0.0302893708928848,""
"S13","asthma","Straight-line distance from geographic centroid to the single nearest park","WLS (ZIP-clustered)",2305,"exposure per 0.282",2.4027890391315,0.90239277340265,0.62639820621807,4.17917987204493,0.00820375511487986,""
"S13","asthma","Straight-line distance from geographic centroid to the single nearest park","weighted SEM",2305,"exposure per 0.282",-0.74924030891044,0.297461275100585,-1.33226440810759,-0.166216209713293,0.0117761312931517,""
"S13","ami","Straight-line distance from geographic centroid to the single nearest park","WLS (ZIP-clustered)",2305,"exposure per 0.282",0.400657481994436,0.140607095373268,0.123867637676603,0.67744732631227,0.00470652582910961,""
"S13","ami","Straight-line distance from geographic centroid to the single nearest park","weighted SEM",2305,"exposure per 0.282",-0.0682263477586784,0.0623832733411541,-0.19049756350734,0.0540448679899838,0.274102315948724,""
"S14","asthma","Park acres within 0.5 mile (more acres = better access)","WLS (ZIP-clustered)",2305,"exposure per 18.3",-0.710441782155142,0.205312531759045,-1.11460647634234,-0.306277087967948,0.000624342326680257,""
"S14","asthma","Park acres within 0.5 mile (more acres = better access)","weighted SEM",2305,"exposure per 18.3",-0.11261483367671,0.0865326129982046,-0.282218755153191,0.0569890877997707,0.19311646915202,""
"S14","ami","Park acres within 0.5 mile (more acres = better access)","WLS (ZIP-clustered)",2305,"exposure per 18.3",-0.117991959718585,0.0331717866514974,-0.183291748741593,-0.0526921706955769,0.00044084095053701,""
"S14","ami","Park acres within 0.5 mile (more acres = better access)","weighted SEM",2305,"exposure per 18.3",-0.048211529735423,0.0182050945906189,-0.0838935151330361,-0.0125295443378099,0.00809111401383296,""
"S15","asthma","Park acres within 1 mile (more acres = better access)","WLS (ZIP-clustered)",2305,"exposure per 87.8",-1.25973719478244,0.330311289046569,-1.909966189478,-0.609508200086882,0.000168628017657779,""
"S15","asthma","Park acres within 1 mile (more acres = better access)","weighted SEM",2305,"exposure per 87.8",-0.0928143810204085,0.144974032623542,-0.376963484962551,0.191334722921734,0.522033591228566,""
"S15","ami","Park acres within 1 mile (more acres = better access)","WLS (ZIP-clustered)",2305,"exposure per 87.8",-0.201836581875318,0.0553572127108121,-0.310809135837968,-0.0928640279126681,0.000317783653522047,""
"S15","ami","Park acres within 1 mile (more acres = better access)","weighted SEM",2305,"exposure per 87.8",-0.0752317283327062,0.0302600811829696,-0.134541487451327,-0.0159219692140858,0.0129125998279952,""
"S16","asthma","Straight-line distance from geographic centroid to the 2016 county park inventory (contemporaneous with outcomes)","WLS (ZIP-clustered)",2305,"exposure per 0.293",2.69918216802255,1.1593004201153,0.417059904210254,4.98130443183485,0.0206143507462318,""
"S16","asthma","Straight-line distance from geographic centroid to the 2016 county park inventory (contemporaneous with outcomes)","weighted SEM",2305,"exposure per 0.293",-1.01215032916008,0.324522978671936,-1.64821536735707,-0.376085290963086,0.00181535891269106,""
"S16","ami","Straight-line distance from geographic centroid to the 2016 county park inventory (contemporaneous with outcomes)","WLS (ZIP-clustered)",2305,"exposure per 0.293",0.486092191507375,0.182862910398692,0.126120339685858,0.846064043328892,0.00831018676107531,""
"S16","ami","Straight-line distance from geographic centroid to the 2016 county park inventory (contemporaneous with outcomes)","weighted SEM",2305,"exposure per 0.293",-0.0909007088796839,0.0678212455321024,-0.223830350122605,0.0420289323632368,0.180148341849414,""
"S27","asthma","Street-network distance from population-weighted centroid to three nearest parks in the 2016 county park inventory (parks, roads and outcomes in one period)","WLS (ZIP-clustered)",2305,"exposure per 0.381",1.83926149356812,0.922666016818384,0.02296209221465,3.65556089492158,0.0471925067944325,""
"S27","asthma","Street-network distance from population-weighted centroid to three nearest parks in the 2016 county park inventory (parks, roads and outcomes in one period)","weighted SEM",2305,"exposure per 0.381",-0.807212082726324,0.310036255045985,-1.41488314261645,-0.199541022836194,0.00922488852560057,""
"S27","ami","Street-network distance from population-weighted centroid to three nearest parks in the 2016 county park inventory (parks, roads and outcomes in one period)","WLS (ZIP-clustered)",2305,"exposure per 0.381",0.372916732114276,0.153410385180052,0.0709231768246159,0.674910287403935,0.0156962048457271,""
"S27","ami","Street-network distance from population-weighted centroid to three nearest parks in the 2016 county park inventory (parks, roads and outcomes in one period)","weighted SEM",2305,"exposure per 0.381",-0.0821264646451809,0.064958223873503,-0.209444583437247,0.0451916541468849,0.206123572586948,""
"S17","asthma","Share of tract within a 2016 half-mile walkshed (pedestrian network; more = better access)","WLS (ZIP-clustered)",2305,"exposure per 0.642",-5.05955090147215,1.67032580619802,-8.3476439996922,-1.7714578032521,0.00268361570449355,""
"S17","asthma","Share of tract within a 2016 half-mile walkshed (pedestrian network; more = better access)","weighted SEM",2305,"exposure per 0.642",0.71034954233202,0.611931679131008,-0.489036548764756,1.9097356334288,0.245710447852751,""
"S17","ami","Share of tract within a 2016 half-mile walkshed (pedestrian network; more = better access)","WLS (ZIP-clustered)",2305,"exposure per 0.642",-0.677552804202225,0.288189034274471,-1.24486270929044,-0.110242899114013,0.0194179400601488,""
"S17","ami","Share of tract within a 2016 half-mile walkshed (pedestrian network; more = better access)","weighted SEM",2305,"exposure per 0.642",0.23796818355191,0.127050224748765,-0.0110502569556701,0.486986624059489,0.0610650020306817,""
"S18","asthma","Ozone from CalEnviroScreen 3.0 (2012-2014)","WLS (ZIP-clustered)",2305,"exposure per 0.376",1.24622299124596,0.870352547552321,-0.467095568525935,2.95954155101786,0.153307224338117,""
"S18","asthma","Ozone from CalEnviroScreen 3.0 (2012-2014)","weighted SEM",2305,"exposure per 0.376",-1.02213623113882,0.306396715889991,-1.6226737942832,-0.421598667994435,0.000849963698568642,""
"S18","ami","Ozone from CalEnviroScreen 3.0 (2012-2014)","WLS (ZIP-clustered)",2305,"exposure per 0.376",0.274587351099823,0.132308710553779,0.0141331592337967,0.53504154296585,0.0388732638368207,""
"S18","ami","Ozone from CalEnviroScreen 3.0 (2012-2014)","weighted SEM",2305,"exposure per 0.376",-0.130573333778655,0.0642593198174318,-0.256521600620821,-0.00462506693648822,0.042156183134991,""
"S19","asthma","Ozone = mean of CalEnviroScreen 3.0 and 4.0 (brackets 2015-2017)","WLS (ZIP-clustered)",2305,"exposure per 0.376",1.51495985428612,0.887768436136463,-0.232642473862218,3.26256218243446,0.0890353048765876,""
"S19","asthma","Ozone = mean of CalEnviroScreen 3.0 and 4.0 (brackets 2015-2017)","weighted SEM",2305,"exposure per 0.376",-1.01713085192349,0.306567498570226,-1.61800314912114,-0.416258554725849,0.000907281477385828,""
"S19","ami","Ozone = mean of CalEnviroScreen 3.0 and 4.0 (brackets 2015-2017)","WLS (ZIP-clustered)",2305,"exposure per 0.376",0.324079025881403,0.139695108270452,0.0490844591598962,0.59907359260291,0.021070509874251,""
"S19","ami","Ozone = mean of CalEnviroScreen 3.0 and 4.0 (brackets 2015-2017)","weighted SEM",2305,"exposure per 0.376",-0.126572106722403,0.0643225281540589,-0.252644261904359,-0.000499951540447935,0.049094211279656,""
"Z1","asthma visits","ZCTA","negative binomial + offset",259,"log RR per mile",0.294761219535131,0.106531052118203,0.0859603573834537,0.503562081686808,0.00565913759054427,""
"Z2","asthma visits","ZCTA","negative binomial + MRF spatial effect",259,"log RR per mile",-0.0489318580267001,0.101858639022697,-0.248574790511187,0.150711074457786,0.630950198359251,""
"Z3","asthma age-adjusted rate","ZCTA","WLS (HC1)",259,"dist per mile",14.3208888396228,6.05038973918984,2.40556868938195,26.2362089898637,0.0186864856312096,""
"P1","asthma","primary","WLS bivariate",2305,"pm25",-3.11510100310845,3.58247709338359,-10.1673288748064,3.93712686858949,0.38530290372709,""
"P1","asthma","primary","WLS bivariate",2305,"ozone",-328.40023762422,262.123286921798,-844.398833474292,187.598358225851,0.211314379991365,""
"P1","ami","primary","WLS bivariate",2305,"pm25",0.0773401096970199,0.43440639876462,-0.777803645072483,0.932483864466523,0.858824126577563,""
"P1","ami","primary","WLS bivariate",2305,"ozone",-97.422507497259,36.5710431652826,-169.413848456172,-25.4311665383457,0.00817438187691968,""
"A1","asthma","primary","spatial lag (unweighted), direct effect",2305,"dist per mile",-0.653232208424776,0.84639510356529,-2.31216661141275,1.00570219456319,0.414223489912213,"simulation-based p-value"
"A1","asthma","primary","spatial lag (unweighted), indirect effect",2305,"dist per mile",-2.7204328998919,3.55291143589976,-9.68413931425542,4.24327351447163,0.416926274115401,"simulation-based p-value"
"A1","asthma","primary","spatial lag (unweighted), total effect",2305,"dist per mile",-3.37366510831667,4.39666275035929,-11.9911240990209,5.24379388238753,0.41612527582878,"simulation-based p-value"
"A2","asthma","primary","spatial Durbin (unweighted), direct effect",2305,"dist per mile",-0.630746682434656,0.845959712318419,-2.28882771857876,1.02733435370945,0.451746939895795,"simulation-based p-value"
"A2","asthma","primary","spatial Durbin (unweighted), indirect effect",2305,"dist per mile",5.20651176410243,5.81446879675336,-6.18984707753416,16.602870605739,0.363006002654727,"simulation-based p-value"
"A2","asthma","primary","spatial Durbin (unweighted), total effect",2305,"dist per mile",4.57576508166777,6.26836587901186,-7.71023204119548,16.861762204531,0.457949438521997,"simulation-based p-value"
"A3","asthma","primary","WLS interaction dist x poverty",2305,"dist:poverty",0.360319826142203,0.179092037237458,0.00777106625263646,0.71286858603177,0.0451924060852781,""
"A3","asthma","primary","WLS interaction dist x pm25",2305,"dist:pm25",0.0579048981884778,1.24109167581188,-2.38522623129107,2.50103602766803,0.962820560150336,""
"A4","asthma","primary","WLS + density",2305,"dist per mile",3.70213432572545,2.34501972976822,-0.914116683526223,8.31838533497712,0.115536972966333,""
"A5","asthma","primary (uninsured available)","WLS + density + % uninsured",2304,"dist per mile",3.46288126355196,2.39400763608755,-1.24980410363583,8.17556663073975,0.149169482533357,""
"A6","asthma","primary","WLS 3-digit ZIP fixed effects",2305,"dist per mile",-1.79746505388656,2.06044710334957,-5.85352517978037,2.25859507200724,0.383761284952635,""
"A1","ami","primary","spatial lag (unweighted), direct effect",2305,"dist per mile",-0.0263105453200575,0.167959854113839,-0.355511859383183,0.302890768743068,0.89177849842421,"simulation-based p-value"
"A1","ami","primary","spatial lag (unweighted), indirect effect",2305,"dist per mile",-0.0775812369873145,0.500492955515796,-1.05854742979827,0.903384955823646,0.891144568449852,"simulation-based p-value"
"A1","ami","primary","spatial lag (unweighted), total effect",2305,"dist per mile",-0.103891782307372,0.668090299354838,-1.41334876904285,1.20556520442811,0.891245234598647,"simulation-based p-value"
"A2","ami","primary","spatial Durbin (unweighted), direct effect",2305,"dist per mile",-0.0358865112323416,0.155248844811217,-0.340174247062326,0.268401224597643,0.826916629333836,"simulation-based p-value"
"A2","ami","primary","spatial Durbin (unweighted), indirect effect",2305,"dist per mile",1.1613520327187,0.877414336451613,-0.558380066726462,2.88108413216386,0.17798058328387,"simulation-based p-value"
"A2","ami","primary","spatial Durbin (unweighted), total effect",2305,"dist per mile",1.12546552148636,0.950461841899435,-0.737439688636534,2.98837073160925,0.227139594775248,"simulation-based p-value"
"A3","ami","primary","WLS interaction dist x poverty",2305,"dist:poverty",0.0230123519373438,0.0259195586303711,-0.0280111798342351,0.0740358837089228,0.375395745212665,""
"A3","ami","primary","WLS interaction dist x pm25",2305,"dist:pm25",0.0736815800742492,0.169507259082685,-0.259999218378252,0.407362378526751,0.664131229388397,""
"A4","ami","primary","WLS + density",2305,"dist per mile",0.832167904469961,0.377739667741016,0.088574534952252,1.57576127398767,0.0284137755959691,""
"A5","ami","primary (uninsured available)","WLS + density + % uninsured",2304,"dist per mile",0.758399902658636,0.380867457365304,0.00864937299998703,1.50815043231728,0.0474326586731909,""
"A6","ami","primary","WLS 3-digit ZIP fixed effects",2305,"dist per mile",0.151059097632085,0.290464595728507,-0.420730327489779,0.722848522753949,0.603435444027673,""
