Tract,ZIP,Population,CIscore,CIscoreP,Ozone,Ozone_Pctl,PM2_5,PM2_5_Pctl,Diesel_PM,Diesel_PM_,Pesticides,Pesticid_1,Tox_Releas,Tox_Rele_1,Traffic,Traffic_Pc,Drinking_W,DrinkingWa,Lead,Lead_Pctl,Cleanups,Cleanups_P,Groundwate,GW_Threats,Haz_Waste,Haz_Waste_,Imp_Water_,ImpWaterBo,Solid_Wast,Solid_Wa_1,Pollution,PollutionS,Pollution_,Asthma,Asthma_Pct,Low_Birth_,LowBirthW_,Cardiovasc,Cardiova_1,Education,Education_,Ling_Isol,Ling_Isol_,Poverty,Poverty_Pc,Unemployme,Unemploy_P,HousBurd,HousBurd_P,PopChar,PopCharSco,PopCharP,Child_10,Pop_10_64,Elderly_65,Hispanic,White,African_Am,Native_Ame,Asian_Amer,Pacific_Is,Other_Mult,Shape_Leng,Shape_Area,County,ApproxLoc,Shape__Area,Shape__Length,OBJECTID,From_Tract,FREQUENCY,MEAN_Total_Miles
06037131010,91335,6686,47.53,84.98,0.06,88.7,13.17,94.47,0.22,64.74,0,0,567.88,54.1,1049.15,61.11,726.64,83.13,59.69,65.36,1,17.08,5,30.88,0.46,66.09,3,33.16,0,0,52.45,6.4,76.65,72.56,80.27,4.64,42.2,19.4,85.57,26.3,75.32,27.7,94.37,42.8,73.2,4.4,36.44,29.3,89.38,71.54,7.42,82.19,12.64,80.05,7.31,57.57,21.81,2.02,0.03,15.85,0,2.72,4440.59,1063731.67,Los Angeles,Los Angeles,1559425,5378.92,249,6037131010,3,1.25
06037980004,93550,0,0,0,0.06,88.7,7.01,6.87,0.01,5.33,38.82,70.62,53126.47,99.91,769.94,41.99,0,0,0,0,0,0,5.25,31.51,2,92.52,0,0,0,0,43.09,5.26,51.8,69.91,78.51,0,0,11.74,44.01,0,0,0,0,0,0,0,0,0,0,0,0,0,0,0,0,0,0,0,0,0,0,0,28368.89,45181746.8,Los Angeles,Palmdale,66890798.36,34513.12,2321,6037980004,3,2.26
06037980003,93535,0,0,0,0.06,88.7,6.46,4.85,0,0.01,0,0,1451.32,72.39,368.73,12.2,0,0,0,0,12,68.94,3,22.12,0,0,0,0,0,0,25.87,3.16,10.03,48.53,54.34,0,0,11.32,40.64,0,0,0,0,0,0,0,0,0,0,0,0,0,0,0,0,0,0,0,0,0,0,0,83224.87,193153958.7,Los Angeles,Unincorporated Los Angeles County area,287070345.11,101365.73,2320,6037980003,3,10.24
06037930301,93563,796,0,0,0.07,97.1,10.67,53.11,0,0.45,0,0.1,464.11,50.13,46.98,0.25,805.62,94.06,32.67,27.51,12.4,69.82,6,35.02,0.1,16.64,4,43.78,0,0,37.91,4.63,37.13,23.43,13.63,0,0,7.07,7.94,15,55.34,4.1,32.03,0,0,0,0,0,0,0,0,0,2.39,78.39,19.22,23.24,56.03,8.17,0,1.76,0.75,10.05,190140.28,1032967143.78,Los Angeles,Unincorporated Los Angeles County area,1517412112.84,230404.16,2316,6037930301,3,4.99
06037408703,91748,6545,14.6,24.56,0.05,60.93,11.99,77.88,0.06,23.8,0.02,16.79,2674.64,83.43,2326.75,90.84,700.49,77.79,22.21,14.73,0,0,25,74.83,0.03,3.64,0,0,0,0,42.41,5.18,49.78,20.31,9.61,2.32,3.41,7.2,8.66,8.8,37.28,20.3,87.02,13,17.19,4.7,40.6,17.9,53.62,27.19,2.82,16.07,7,75.91,17.1,9.53,6.39,0.86,0,81.93,0,1.3,21409.77,17072278.04,Los Angeles,Rowland Heights,24878794.76,25822.57,1259,6037408703,3,1.26
06037910208,93551,6210,30.67,60.04,0.06,88.7,7.69,10.95,0.06,20.32,0,0,9113.27,96.91,1442.59,76.66,441.8,53.1,54.94,58.65,0,0,0,0,0.17,30.17,0,0,0,0,35.79,4.37,31.11,51.51,58.54,7.03,90.16,15.95,71.3,23.6,70.83,7.5,51.1,32.4,57.63,7.5,71.67,19,58.77,67.67,7.02,76.84,14.59,74.91,10.5,55.65,21.9,8.94,0,9.03,0,4.48,8132.77,3302673.41,Los Angeles,Palmdale,4885712.04,9895.27,2217,6037910208,3,1.25
06037910101,93552,1863,50.31,88.24,0.06,88.7,6.86,6.32,0.04,16.04,6.37,56.48,14068.86,98.77,404.67,14.45,434.39,50.69,81.49,90.6,7,50.32,0,0,1.71,91.61,0,0,0.5,22.08,46.11,5.63,59.86,96.61,91.69,6.82,87.97,19.3,85.29,43.9,92.75,9.9,61.54,60.3,91.85,13,94.31,24.8,79.57,86.16,8.94,97.33,22.71,70.1,7.19,72.73,7.09,16.26,0,1.88,0,2.04,42217.53,61398376.55,Los Angeles,Unincorporated Los Angeles County area,90854956.96,51326.46,2211,6037910101,3,3.15
06037901210,93532,1631,11.26,16.07,0.06,91.05,6.04,3.24,0,0.58,0,0,474.59,50.54,114.63,1.41,637.4,71.25,35.78,31.48,0,0,0,0,0,0,4,43.78,0,0,23.72,2.9,6.85,34.55,32.64,0,0,10.16,31.09,12.1,48.58,0,0,33.1,58.79,7.3,69.98,14.8,37.48,37.48,3.89,31.24,10.3,72.41,17.29,33.17,54.45,0.55,1.9,3.74,0,6.19,30468.8,23068433.33,Los Angeles,Unincorporated Los Angeles County area,34189183.05,37078.95,2207,6037901210,3,1.5
06037901008,93536,2744,25.53,49.94,0.06,88.7,7.52,9.74,0.17,55.61,0,0,2998.1,84.83,1141.68,66,441.8,53.1,35.54,31.2,0,0,0,0,0.31,51.73,0,0,0,0,35.88,4.38,31.41,58.02,66.8,5.29,59.56,11.92,45.31,13.7,52.32,4.4,33.94,31.2,55.69,7.6,72.53,19.6,61.25,56.19,5.83,59.87,11.37,78.61,10.02,36.73,36.7,13.3,0,9.26,0,4.01,6557.24,2686880.31,Los Angeles,Lancaster,3984268.74,7984.86,2199,6037901008,3,1.81
06037113303,91311,4191,32.46,63.24,0.06,91.05,11.47,60.41,0.15,51.15,0,0,908.92,62.29,857.6,48.39,726.64,83.13,53.67,56.74,40,93.41,26.85,76.67,5.08,97.84,0,0,2.2,54.85,59.28,7.24,89.87,52.13,59.07,4.27,32.97,16.53,74.03,9.5,40.07,2.4,18.91,17.4,28.17,5.6,52.52,10.5,15.86,43.23,4.48,39.99,10.02,69.36,20.62,26.91,58.08,1.57,0.38,10.95,0,2.1,9455.36,4079639.28,Los Angeles,Los Angeles,5984523.38,11442.58,98,6037113303,3,1.33
06037115401,91325,6373,41.8,77.8,0.06,93.63,12.65,92.1,0.14,48.79,0,0,586.96,54.74,1181.42,67.99,726.64,83.13,61.22,67.42,45,94.83,10.5,48.48,0.74,79.58,2,23.88,1.25,38.99,61.37,7.49,92.59,44.47,48.22,4.82,47.4,11.77,44.25,18.5,62.22,18.2,83.84,35.1,61.91,3.7,26.86,21.8,69.91,53.79,5.58,55.76,13.51,76.92,9.57,50.51,31.59,3.97,0,11.44,0,2.49,6227.65,1905577.48,Los Angeles,Los Angeles,2794118.52,7533.95,111,6037115401,3,1.4
06037115404,91324,2800,48.88,86.61,0.06,91.05,12.62,91.87,0.1,36.34,0,0,561.76,53.83,1388.33,75.08,726.64,83.13,70,79.13,8,53.43,10.75,48.96,0.68,77.46,3,33.16,0,0,56.74,6.93,85.8,54.95,62.87,8.26,97.45,14.86,65.39,21.2,66.82,15.2,77.86,27,48.58,3.6,25.23,27.3,85.5,68.02,7.06,77.38,7.93,81.54,10.54,47.61,24.57,7.04,0,16.93,1.25,2.61,3965.69,955304.19,Los Angeles,Los Angeles,1400819.67,4802.85,113,6037115404,3,1.32
06037115403,91325,3583,49.97,87.85,0.06,91.05,12.58,91.66,0.1,38.66,0,0,565.9,53.96,1220.35,69.44,726.64,83.13,67.86,76.37,9,58.17,26,75.98,0.66,77.02,3,33.16,0,0,58.31,7.12,88.5,46.93,51.97,7.75,95.34,13.12,54.79,23,69.92,15.4,78.2,48.7,80.41,3,17.11,32.7,94.16,67.66,7.02,76.83,13.54,75.36,11.11,55.12,21.85,6.34,0,14.15,0,2.54,3386.89,703440.29,Los Angeles,Los Angeles,1031488.89,4101.75,112,6037115403,3,1.35
06037901101,93536,5519,20.34,38.35,0.06,88.7,7.07,7.07,0.02,7.58,0,0,1710.48,75.92,333.8,9.96,473.21,57.34,43.34,41.85,0,0,0,0,0,0,0,0,2,52.9,27.56,3.37,13.06,60.67,69.79,5.5,64.47,14.26,61.98,7.9,33.89,4.8,36.46,28.3,51.09,7.4,70.9,20.1,63.26,58.27,6.04,62.8,12.27,76.3,11.43,29.23,48.61,10.93,0.24,6.56,0,4.44,9723.67,5215987.46,Los Angeles,Quartz Hill,7727843.43,11842.42,2203,6037901101,3,1.39
06037901004,93536,12463,17.47,31.4,0.06,88.7,7.17,7.53,0.03,9.15,0,0,1928.74,78.52,492.49,20.34,429.28,49.69,25.39,18.26,0,0,0,0,0.6,74.73,0,0,0,0,27.66,3.38,13.29,60.67,69.79,5.65,67.92,14.26,61.98,10.3,43.07,3.6,28.8,17.3,27.85,4.7,40.6,12.4,25.32,49.85,5.17,50.08,14.64,74.67,10.69,37.32,39.58,12.84,0,8.57,0,1.69,16175.29,13088425.23,Los Angeles,Lancaster,19405355.88,19688.47,2197,6037901004,3,1.72
06037911001,93544,3926,25.7,50.32,0.07,95.31,8.6,25.82,0.01,2.9,355.87,83.9,552.79,53.5,269.39,6.72,629.4,70.58,53.89,57.08,1,17.08,2,14.31,0,0,0,0,0.25,11.59,35.85,4.38,31.35,51.72,58.65,3.94,25.21,12.98,53.71,21.7,67.6,0,0,38.7,67.17,10.5,88.08,16.5,46.46,56.59,5.87,60.36,7.9,65.87,26.24,42.82,48.73,4.46,0,1.3,0,2.7,107851.96,374200166.98,Los Angeles,Unincorporated Los Angeles County area,552099514.08,130939.78,2254,6037911001,3,3.19
06037910813,91390,4080,10.24,13.58,0.06,93.85,9.34,42.5,0.01,4.51,0,0,514.26,52.11,3855.11,98.5,641.29,71.54,26.65,19.95,6,46.08,0,0,0,0,1,12.45,0,0,35.82,4.37,31.2,20.94,10.24,2.45,4.08,10.72,35.76,9.9,41.6,1.8,14.28,13.6,18.71,4.4,36.44,13.6,31.17,22.57,2.34,10.46,9.61,72.16,18.24,20.93,74.31,0.12,0,2.72,0,1.91,50744.16,82542005.02,Los Angeles,Agua Dulce,121867232.82,61638.28,2253,6037910813,3,1.54
06037403325,91765,5348,15.97,27.72,0.05,60.93,12.06,82.13,0.19,60.71,0,0,2505.68,82.56,3379.23,97.39,435.94,51.12,19.48,11.67,0,0,0,0,0.1,16.64,0,0,0,0,38.32,4.68,38.36,25.31,17.01,5.08,54.62,9.41,24.66,3.3,12.55,14.7,76.64,15,22.01,3,17.11,15.3,40.27,32.91,3.41,24.21,14.19,69.67,16.14,15.52,14.6,5.55,0,61.44,0.45,2.43,24843.88,15708488.95,Los Angeles,Unincorporated Los Angeles County area,22892296.6,29970.23,1136,6037403325,3,1.76
06037910002,93543,7723,43.18,79.75,0.06,91.05,8.02,13.58,0.02,8.11,706.56,87.17,1022.45,64.1,509,21.59,495.47,60.13,54.92,58.58,0,0,2,14.31,0.1,16.64,0,0,4.5,72.39,40.58,4.96,44.47,90.14,89.69,6.98,89.65,17.7,79.51,41.7,91.19,12.4,69.79,50.4,82.36,8.4,77.76,28.3,87.49,84,8.71,95.97,13.12,72.92,13.96,64.68,29.95,1.58,2.05,0,0,1.75,41457.04,72653975.68,Los Angeles,Unincorporated Los Angeles County area,107315848.74,50346.66,2210,6037910002,3,1.83
06037901009,93536,5388,27.62,54.12,0.06,88.7,7.56,9.99,0.11,41.59,0,0,3300.61,85.91,793.44,43.75,441.8,53.1,37.97,34.29,0,0,0,0,0.74,79.58,0,0,0,0,35.08,4.28,29.32,60.26,69.29,6.14,77.94,13.9,59.63,14.6,54.42,4.7,36,29.9,53.87,9.7,84.98,16.7,47.62,62.17,6.45,68.97,11.14,75.33,13.53,27.02,45.51,19.58,0.26,4.79,0.33,2.51,6518.88,2650148.03,Los Angeles,Lancaster,3928398.71,7936.61,2200,6037901009,3,1.27
06037900609,93535,4978,28.22,55.36,0.06,88.7,6.77,5.96,0.03,11.18,0,0,6228.7,94.29,274.4,6.96,447.69,53.8,46.27,46.21,0,0,0,0,0.11,19.25,0,0,0,0,26.87,3.28,11.74,154.47,99.1,8.53,98.09,23.65,96.36,19.7,64.26,9.3,58.95,61.3,92.51,6.4,61.53,19.9,62.42,82.89,8.6,95.18,18.82,75.63,5.54,48.13,13.06,30.17,0.24,1.87,0,6.53,8171.39,2657408.22,Los Angeles,Lancaster,3941279.06,9961.23,2186,6037900609,3,1.26
06037910201,93551,4063,34.31,66.39,0.06,88.7,7.2,7.74,0.13,44.89,0,0,37619.09,99.85,1212.43,69.19,513.69,61.77,48.38,49.28,12,68.94,1.5,10.64,0.52,70.93,0,0,2,52.9,48.68,5.94,66.94,63.61,72.93,3.38,14.22,13.88,59.5,26.1,75.09,9.2,58.57,36,63.24,9.6,84.58,13.5,30.61,55.65,5.77,58.86,12.63,72.43,14.94,53.9,31.5,6.25,0,3.77,0,4.58,17543.75,14562806.31,Los Angeles,Palmdale,21551871.16,21360.61,2212,6037910201,3,1.67
06037980033,90802,16,0,0,0.04,17.65,11.79,69.5,2.04,99.81,0,0,8459.42,96.46,1313.69,72.7,339.04,34.73,0,0,64.25,97.72,151.05,98.29,6.26,98.4,28,99.6,15.25,96.27,69.91,8.54,98.43,39.36,40.49,0,0,8.8,19.52,0,0,0,0,0,0,0,0,0,0,0,0,0,0,0,100,0,0,0,100,0,0,0,26110.77,28624615.95,Los Angeles,Long Beach,41509674.41,31441.54,2343,6037980033,3,1.36
06037900300,93535,5613,51.35,89.27,0.06,88.7,6.71,5.69,0.06,22.08,1.71,46.41,3658.81,87.63,195.59,3.99,616.04,69.26,57.3,61.95,30,88.75,3,22.12,0.9,83.4,0,0,15.2,96.22,51.51,6.29,74.25,146.66,98.72,8.85,98.55,22.35,94.02,21.5,67.3,8.6,55.95,52.4,84.7,5.9,56.19,14.8,37.48,78.71,8.16,91.23,18.23,75.82,5.95,45.41,29.98,11.37,2.21,8.75,0.12,2.16,38075.62,58932570.98,Los Angeles,Unincorporated Los Angeles County area,87470092.08,46389.05,2174,6037900300,3,3.04
06037910706,93543,6301,32.6,63.43,0.06,88.7,8.29,17.86,0.06,22.14,0.03,18.59,2004.01,79.28,735.95,39.26,419.99,48.37,43.84,42.73,1,17.08,0,0,0.25,43.3,0,0,0,0,33.77,4.12,26.14,64.53,73.69,8.03,96.56,14.77,64.84,31.8,82.18,19,85.1,44.2,74.97,8.8,80.39,16.7,47.62,76.21,7.91,88.31,15.24,79.88,4.89,70.21,10.33,14.19,0,4.21,0.35,0.71,22611.56,21109018.95,Los Angeles,Palmdale,31194197.59,27488.37,2236,6037910706,3,1.69
06037980008,91406,68,0,0,0.06,91.05,12.44,90.7,0.26,71.7,0,0,661.7,57.05,1146.65,66.24,726.64,83.13,0,0,5.9,44.77,0.3,2.11,0.44,64.63,10,82.97,0,0,56.76,6.93,85.86,77.98,84.25,0,0,19.65,86.24,0,0,100,100,0,0,0,0,0,0,0,0,0,51.47,48.53,0,100,0,0,0,0,0,0,10301.27,3372716.99,Los Angeles,Los Angeles,4943911.22,12477.26,2325,6037980008,3,1.26
06037900506,93535,4188,27.18,53.39,0.06,88.7,7.19,7.68,0.06,22.6,0,0,8457.91,96.45,479.44,19.38,441.8,53.1,33.41,28.43,0,0,0,0,0.08,10.55,0,0,0,0,27.06,3.3,12.11,154.47,99.1,7.68,95.01,23.65,96.36,16.9,59.57,3.2,25.55,39.4,68.27,7.7,73.41,25.6,81.84,79.28,8.22,91.83,16.59,74.79,8.62,44.7,16.26,34.98,0.67,0.29,0,3.1,4852.4,1314214.32,Los Angeles,Lancaster,1948128.56,5911.17,2178,6037900506,3,1.48
06037900505,93535,3427,32.94,63.91,0.06,88.7,7.14,7.43,0.07,27.09,0,0,8621.24,96.57,618.38,29.65,441.8,53.1,50.49,52.26,0,0,0,0,0.32,53.51,0,0,0,0,33.14,4.05,24.42,154.47,99.1,8.16,97.11,23.65,96.36,15.5,56.48,1.9,14.86,55.1,87.3,18.9,98.95,15.2,39.7,78.49,8.14,90.95,15.79,70.56,13.66,42.78,28.42,23.78,0,2.31,0,2.71,4837.73,1308819.37,Los Angeles,Lancaster,1940127.66,5893.26,2177,6037900505,3,1.32
06037900104,93591,5822,30.07,58.77,0.06,91.05,7.41,9.11,0,1.75,6390.82,97.41,806.47,60.55,152.06,2.49,336.91,32.83,42.9,41.16,0,0,0,0,0,0,0,0,0,0,28.03,3.42,14,110.17,94.95,7.61,94.66,16.89,75.6,32,82.46,15.5,78.37,51.9,84.12,11,89.67,21.9,70.23,84.69,8.78,96.39,16.61,73.74,9.65,61.75,29.18,7.16,0,0.67,0,1.24,26148,42630519.41,Los Angeles,Lake Los Angeles,63053058.18,31799.22,2172,6037900104,3,1.87
06037910205,93551,1225,30.12,58.96,0.06,88.7,7.98,13.11,0.06,21.41,0,0,2198.57,80.88,2320.79,90.81,518.84,62.28,53.76,56.89,0,0,0,0,0,0,1,12.45,0.7,24.83,36.99,4.52,34.23,62.35,71.71,7.06,90.49,14.17,61.4,17.1,60,0,0,42.4,72.63,5,44.35,15.1,39.2,64.29,6.67,71.89,14.37,71.18,14.45,51.84,31.18,1.88,0.73,8.33,0.82,5.22,24531.41,29245851.31,Los Angeles,Unincorporated Los Angeles County area,43199582.03,29804.53,2214,6037910205,3,1.78
06037910206,93551,3776,21.64,41.35,0.06,91.05,7.4,8.99,0.14,49.17,0,0,1565.59,74.22,182.33,3.55,491.94,59.95,15.58,8.04,0,0,0,0,0,0,0,0,7,83.28,30.13,3.68,17.9,50.39,57.08,7.55,94.21,15.65,69.85,9,38.13,5.1,38.14,22.1,38.57,5.3,48.26,14.4,35.27,56.69,5.88,60.53,17.98,73.7,8.32,45.18,28.58,14.88,0.61,7.76,0,2.99,37685.13,50488290.69,Los Angeles,Palmdale,74664967.36,45823.77,2215,6037910206,3,1.57
06037599100,90704,483,0,0,0.04,21.01,6.65,5.55,0.01,4.23,0,0,73.6,20.92,0,0,474.91,57.57,24.49,17.28,73.9,98.49,78.75,95.14,0.83,82.13,1,12.45,15,96.01,37.67,4.6,36.3,40.02,41.56,0,0,9.94,29.45,0,0,0,0,27,48.58,0,0,0,0,0,0,0,0,85.3,14.7,9.73,72.05,2.9,0,3.11,10.56,1.66,158952.56,336834264.75,Los Angeles,Unincorporated Los Angeles County area,482099737.03,190108.21,1940,6037599100,3,3.06
06037901205,93536,10783,13.49,21.67,0.06,88.7,6.71,5.68,0.01,4.75,0,0,1046.85,64.59,173.54,3.16,590.14,68.15,26.07,19.09,2,25.63,0,0,0.11,19.25,0,0,0,0,24.17,2.95,7.42,57.76,66.53,4.6,41.15,13.66,58.29,7.5,32.16,2.6,20.58,26.9,48.44,4.8,41.84,11.6,21.08,44.07,4.57,41.21,11.86,75.9,12.24,25.98,46.58,19.84,0,5.27,0,2.34,28971.4,49333749.84,Los Angeles,Lancaster,73118238.09,35262.19,2205,6037901205,3,3.36
06037900201,93535,1129,47.2,84.66,0.06,88.7,6.54,5.12,0,1.38,2721.62,94.45,2154.1,80.62,115.7,1.44,471.73,57.14,76.57,86.15,12,68.94,0,0,0.5,69.4,0,0,6,79.95,49.14,6,68.18,147.68,98.79,5.71,69.16,22.74,94.62,23.1,70.08,0,0,34.5,60.9,6.4,61.53,0,0,75.85,7.87,87.8,7.44,68.47,24.09,41.72,48.01,2.04,1.95,4.69,0,1.59,70160.95,235357322.11,Los Angeles,Unincorporated Los Angeles County area,349084403.84,85438.03,2173,6037900201,3,6.58
06037930200,91342,461,0,0,0.07,97.1,10.21,50.43,0,0.76,0.01,12.34,428.43,48.55,1305.38,72.4,723.86,78.93,46.14,46.02,30.1,88.82,14,56.13,0.09,11.08,0,0,13.25,94.68,50.59,6.18,71.87,31.56,27.8,0,0,7.57,10.64,18,61.35,0,0,34.7,61.28,0,0,0,0,0,0,0,6.29,84.16,9.54,37.96,52.93,5.21,0,2.82,0,1.08,139112.27,305242794.45,Los Angeles,Unincorporated Los Angeles County area,448819655.49,168641.92,2315,6037930200,3,2.42
06037910202,93551,5823,20.86,39.71,0.06,88.7,6.98,6.78,0.04,14.26,0,0,5554.82,93.4,1361.01,74.1,638.59,71.3,35.82,31.57,1,17.08,0,0,0.26,44.73,0,0,0.2,9.67,36.44,4.45,32.93,45.11,48.93,5.49,64.18,12.9,53.23,14.6,54.42,1.4,10.45,15.5,23.17,6.3,60.57,12.6,26.17,45.2,4.69,43.13,11.63,73.69,14.68,29.02,52.21,4.59,0.27,10.37,0.19,3.35,20280.71,20333960.58,Los Angeles,Unincorporated Los Angeles County area,30102625.45,24671.28,2213,6037910202,3,1.42
06037920102,91384,5466,17.99,32.75,0.06,82.69,7.21,7.79,0.03,9.56,0.05,21.21,174.07,31.98,921.68,53.09,896.52,97.91,34.13,29.4,1,17.08,6,35.02,0.06,8.76,13,91.87,1,35.72,40.37,4.93,43.81,27.24,20.46,3.66,19.34,9.36,24.1,17.2,60.15,4.1,32.03,25.3,45.06,6.1,58.36,17.1,49.72,35.18,3.65,27.65,13.87,75.83,10.3,36.52,49.25,2.36,0,4.83,0.15,6.9,131815.9,627931292.01,Los Angeles,Unincorporated Los Angeles County area,929680820.07,160374.45,2283,6037920102,3,2.74
06037920012,91390,1111,7.93,8.36,0.06,91.05,8.26,17.39,0,1.03,0,0,528.34,52.6,126.17,1.73,382.7,40.29,37.63,33.94,0,0,0,0,0,0,1,12.45,0,0,20.67,2.52,3.55,22.22,12.14,0,0,10.7,35.56,8,34.38,0,0,19.1,32.27,7,67.48,0,0,30.3,3.14,20.4,11.07,70.93,18,19.26,73.63,0,0,0.81,0,6.3,50753.51,72309401.33,Los Angeles,Unincorporated Los Angeles County area,106965668.59,61708.45,2256,6037920012,3,2.28
06037920011,91390,172,0,0,0.07,95.27,8.89,34.88,0,0.46,0,0,357.68,45.07,238.68,5.46,530.66,63.34,0,0,0,0,0,0,0,0,2,23.88,0,0,24.88,3.04,8.5,22.27,12.21,0,0,11.98,45.97,20.3,65.33,0,0,0,0,0,0,0,0,0,0,0,2.91,77.33,19.77,31.4,44.77,9.3,0,0,0,14.53,75359.12,163293177.98,Los Angeles,Unincorporated Los Angeles County area,241192851.93,91553.39,2255,6037920011,3,2.13
06037910812,93550,363,0,0,0.06,91.05,8.38,19.74,0.01,5.2,0,0,1463.19,72.57,606.05,28.9,289.8,20.44,41.17,38.75,0,0,0,0,0,0,0,0,0,0,23.05,2.81,6.21,107.67,94.42,0,0,20.37,88.52,11.1,45.58,0,0,18.2,30.04,0,0,0,0,0,0,0,7.16,73,19.83,20.66,77.41,0,0.83,1.1,0,0,28004.08,33195865.34,Los Angeles,Palmdale,48997444.25,34018.98,2252,6037910812,3,1.91
06037910811,93510,179,0,0,0.07,95.31,9.39,43.05,0,1.18,0,0,616.64,55.69,116.78,1.49,532.26,63.41,0,0,21.4,83.2,6,35.02,0,0,4,43.78,0,0,35.57,4.34,30.54,25.67,17.65,0,0,5.91,3.07,0,0,0,0,0,0,0,0,0,0,0,0,0,2.79,82.12,15.08,15.64,72.07,8.94,0,0,0,3.35,144414.1,323911884.97,Los Angeles,Unincorporated Los Angeles County area,477162218.7,175206.04,2251,6037910811,3,2.2
06037901213,93551,3853,10.76,14.83,0.06,91.05,6.73,5.77,0,1.05,0,0,829.56,60.99,161.37,2.74,583.28,67.74,19.22,11.29,0,0,0,0,0,0,0,0,1,35.72,22.43,2.74,5.29,34.24,32.08,8.02,96.51,10.61,34.96,4.3,17.79,3.4,27.26,12.9,16.82,4.7,40.6,6.6,3.6,37.87,3.93,31.92,12.02,69.87,18.12,11.71,72.64,7.53,2.02,4.88,0,1.22,42492.75,62133991.78,Los Angeles,Leona Valley,91987326.68,51686.28,2208,6037901213,3,1.99
06037901209,93536,1634,20.33,38.31,0.06,75.37,5.79,2.66,0.01,5.23,1.68,46.21,252.56,38.6,585.12,27.15,724.89,78.97,31.75,26.28,9,58.17,6,35.02,0.6,74.73,3,33.16,5.2,76.36,43.53,5.32,52.89,45.88,50.27,3.33,13.5,12.3,48.92,16.4,58.5,1.1,7.38,35,61.76,2.9,15.84,14.8,37.48,36.88,3.83,30.24,10.77,66.28,22.95,33.05,56.43,3.37,0.67,2.75,0,3.73,172366.97,596196736.98,Los Angeles,Unincorporated Los Angeles County area,885432844.66,209951.52,2206,6037901209,3,1.27
06037900504,93535,7261,32.39,63.16,0.06,88.7,7.24,8.01,0.04,13.12,0,0,12569,98.37,769.63,41.96,461.61,55.43,41.41,39.07,0,0,0,0,0.61,75.25,0,0,3.8,67.42,38.23,4.67,38.08,142.85,98.58,7.76,95.39,22.01,93.44,15.5,56.48,3.6,28.8,34.9,61.65,3,17.11,12.5,25.73,66.88,6.94,75.69,17.49,74.12,8.39,51.38,21.73,19.64,0,5.81,0,1.43,19546.84,10592531.03,Los Angeles,Lancaster,15695765.6,23779.45,2176,6037900504,3,1.74
06037900605,93535,7539,32.12,62.63,0.06,88.7,6.58,5.28,0.02,5.82,0,0,5804.11,93.81,0,0,597.23,68.48,49.92,51.42,2.25,27.49,0,0,0.05,7.35,0,0,0,0,32.18,3.93,22.31,154.47,99.1,6.93,89.12,23.65,96.36,19.1,63.2,3.2,25.55,58.6,90.63,7.9,74.74,19.2,59.73,78.82,8.18,91.38,24.14,66.87,8.99,61.25,21.05,16.42,0,0.45,0,0.82,9722.39,5263118.43,Los Angeles,Lancaster,7805905.26,11846.87,2182,6037900605,3,1.52
06037910709,93552,2039,20.3,38.2,0.06,88.7,8.2,16.39,0.01,4.99,0,0,1751.27,76.37,992.57,57.4,420.12,48.38,37.51,33.75,0,0,0,0,0,0,0,0,0,0,27.17,3.32,12.33,76.92,83.25,4.88,48.99,17.02,76.35,23,69.92,0,0,31.3,55.87,2.8,14.39,17.9,53.62,58.99,6.12,63.94,15.99,72.54,11.48,61.21,32.07,4.61,0,1.28,0,0.83,19412.03,14654580.12,Los Angeles,Unincorporated Los Angeles County area,21643328.6,23574.61,2238,6037910709,3,1.91
06037920033,91351,598,17.02,30.52,0.07,95.27,9.93,48.38,0.03,9.89,0,0,320.43,42.92,0,0,735.46,84.43,42,39.85,0,0,0,0,0,0,2,23.88,0,0,32.14,3.92,22.24,32.96,30.36,0,0,9.23,22.99,11,45.18,3.2,25.55,34.8,61.55,13.8,95.5,0,0,41.81,4.34,37.85,6.02,77.26,16.72,38.13,50.67,6.19,0,1.34,0,3.68,8876.99,3439691.71,Los Angeles,Unincorporated Los Angeles County area,5071766.09,10781.49,2270,6037920033,3,1.44
06037930101,91011,90,0,0,0.06,91.08,11.01,55.02,0,0.41,0,1.28,916.67,62.38,92.86,0.94,1001.31,99.44,0,0,0,0,0,0,0,0,0,0,1,35.72,31.96,3.9,21.87,14.83,3.64,0,0,5.11,1.23,0,0,0,0,0,0,0,0,0,0,0,0,0,0,64.44,35.56,0,71.11,0,0,16.67,0,12.22,106294.95,155614764.83,Los Angeles,Unincorporated Los Angeles County area,228245074.98,128688.24,2314,6037930101,3,1.51
06037920339,91355,7420,15.06,25.69,0.06,84.63,9.57,45.05,0.07,24.41,0.21,31.31,202.19,34.87,2057.85,87.99,633.58,70.8,0.84,0.1,0,0,21.5,70.3,1.3,88.92,7,66.74,17.5,97.32,53.15,6.49,78.48,15.49,4.31,5.39,61.95,7.48,10.08,2.7,9.29,5,37.66,7.5,5.09,3.3,21.11,12,23.37,22.38,2.32,10.24,12.9,80.81,6.29,11.91,51.5,1.82,0,26.31,0,8.46,26526.52,33964953.59,Los Angeles,Unincorporated Los Angeles County area,50024081.71,32181.48,2313,6037920339,3,1.88
06037900900,93536,4018,23.79,46.18,0.06,88.7,6.73,5.81,0.01,4.06,0.51,38.21,1241.39,69.29,297.07,8.11,749.01,85.4,27.62,21,17.1,78.09,0.3,2.11,1.27,88.58,0,0,5,75.67,43.01,5.25,51.57,65.33,74.6,3.32,13.24,12.95,53.5,10.1,42.29,4.1,32.03,35,61.76,3.7,26.86,14.9,38.1,43.66,4.53,40.63,15.18,67.94,16.87,20.93,64.16,9.76,0.37,1.57,0.22,2.99,60360.7,213421034,Los Angeles,Unincorporated Los Angeles County area,316972663.75,73543.81,2195,6037900900,3,4.81
06037901003,93536,4895,0,0,0.06,88.7,7.14,7.41,0.03,11.5,0,0,1403.16,71.48,0,0,441.8,53.1,0,0,2,25.63,0,0,0.1,16.64,0,0,0,0,28.62,3.49,14.91,60.67,69.79,0,0,14.26,61.98,36.5,86.86,0,0,0,0,0,0,0,0,0,0,0,0,97.83,2.17,40.74,11.81,29.58,0.84,1.63,0.67,14.73,6462.7,2607274.57,Los Angeles,Lancaster,3866186.76,7869.92,2196,6037901003,3,2.65
06037920032,91390,3558,3.99,1.51,0.07,95.27,9.89,48,0.02,7.85,0,0,263.11,39.22,638.55,31.32,672.37,74.1,13.3,6.14,0,0,0,0,0,0,1,12.45,0,0,25.99,3.17,10.16,18.27,6.85,2.6,5.34,8.04,14.01,6.3,27.2,0,0,10.9,12.16,3.7,26.86,9.3,11.24,12.11,1.26,1.93,12.93,78.44,8.63,24.54,57.76,3.23,0,10.57,0,3.91,16283.29,12338420.76,Los Angeles,Unincorporated Los Angeles County area,18192822.03,19762.61,2269,6037920032,3,1.26
